[Licensing::Module] Trying to connect to existing licensing client channel...
[Licensing::IpcConnector] Successfully connected to: "LicenseClient-mateu" at "2026-04-01T05:01:43.8949909Z"
Built from '6000.3/staging' branch; Version is '6000.3.12f1 (fca03ac9b0d5) revision 16556090'; Using compiler version '194234433'; Build Type 'Release'
OS: 'Windows 11  (10.0.26200) Professional' Language: 'pt' Physical Memory: 16303 MB
BatchMode: 1, IsHumanControllingUs: 0, StartBugReporterOnCrash: 0, Is64bit: 1
System  architecture: x64
Process architecture: x64
Date: 2026-04-01T05:01:43Z

COMMAND LINE ARGUMENTS:
C:\Program Files\Unity\Hub\Editor\6000.3.12f1\Editor\Unity.exe
-adb2
-batchMode
-noUpm
-name
AssetImportWorker0
-projectPath
D:/mateu/Documents/_GameDev/Unity Projects/Project_Room
-logFile
Logs/AssetImportWorker0.log
-srvPort
57081
-licensingIpc
LicenseClient-mateu
-job-worker-count
2
-background-job-worker-count
8
-gc-helper-count
1
-name
AssetImport
Successfully changed project path to: D:/mateu/Documents/_GameDev/Unity Projects/Project_Room
D:/mateu/Documents/_GameDev/Unity Projects/Project_Room
[UnityMemory] Configuration Parameters - Can be set up in boot.config
    "memorysetup-temp-allocator-size-nav-mesh-worker=65536"
    "memorysetup-temp-allocator-size-audio-worker=65536"
    "memorysetup-temp-allocator-size-gfx=262144"
    "memorysetup-allocator-temp-initial-block-size-main=262144"
    "memorysetup-allocator-temp-initial-block-size-worker=262144"
    "memorysetup-temp-allocator-size-background-worker=32768"
    "memorysetup-temp-allocator-size-job-worker=262144"
    "memorysetup-temp-allocator-size-preload-manager=33554432"
    "memorysetup-temp-allocator-size-gi-baking-worker=262144"
    "memorysetup-temp-allocator-size-gi-baking-worker=262144"
    "memorysetup-temp-allocator-size-gi-baking-worker=262144"
    "memorysetup-temp-allocator-size-gi-baking-worker=262144"
    "memorysetup-temp-allocator-size-gi-baking-worker=262144"
    "memorysetup-bucket-allocator-granularity=16"
    "memorysetup-bucket-allocator-bucket-count=8"
    "memorysetup-bucket-allocator-block-size=33554432"
    "memorysetup-bucket-allocator-block-count=8"
    "memorysetup-main-allocator-block-size=16777216"
    "memorysetup-thread-allocator-block-size=16777216"
    "memorysetup-gfx-main-allocator-block-size=16777216"
    "memorysetup-gfx-thread-allocator-block-size=16777216"
    "memorysetup-cache-allocator-block-size=4194304"
    "memorysetup-typetree-allocator-block-size=2097152"
    "memorysetup-profiler-bucket-allocator-granularity=16"
    "memorysetup-profiler-bucket-allocator-bucket-count=8"
    "memorysetup-profiler-bucket-allocator-block-size=33554432"
    "memorysetup-profiler-bucket-allocator-block-count=8"
    "memorysetup-profiler-allocator-block-size=16777216"
    "memorysetup-profiler-editor-allocator-block-size=1048576"
    "memorysetup-temp-allocator-size-main=16777216"
    "memorysetup-job-temp-allocator-block-size=2097152"
    "memorysetup-job-temp-allocator-block-size-background=1048576"
    "memorysetup-job-temp-allocator-reduction-small-platforms=262144"
    "memorysetup-temp-allocator-size-cloud-worker=32768"
Player connection [17324]  Target information:

Player connection [17324]  * "[IP] 192.168.0.11 [Port] 0 [Flags] 2 [Guid] 2941303552 [EditorId] 2941303552 [Version] 1048832 [Id] WindowsEditor(7,PC-Matt) [Debug] 1 [PackageName] WindowsEditor [ProjectName] Editor" 

Player connection [17324] Host joined multi-casting on [225.0.0.222:54997]...
Player connection [17324] Host joined alternative multi-casting on [225.0.0.222:34997]...
JobSystem: Creating JobQueue using job-worker-count value 2
Input System module state changed to: Initialized.
[Physics::Module] Initialized fallback backend.
[Physics::Module] Id: 0xdecafbad
Library Redirect Path: Library/
[Physics::Module] Selected backend.
[Physics::Module] Name: PhysX
[Physics::Module] Id: 0xf2b8ea05
[Physics::Module] SDK Version: 4.1.2
[Physics::Module] Integration Version: 1.0.0
[Physics::Module] Threading Mode: Multi-Threaded
Refreshing native plugins compatible for Editor in 627.16 ms, found 3 plugins.
Preloading 0 native plugins for Editor in 0.00 ms.
Initialize engine version: 6000.3.12f1 (fca03ac9b0d5)
[Subsystems] Discovering subsystems at path C:/Program Files/Unity/Hub/Editor/6000.3.12f1/Editor/Data/Resources/UnitySubsystems
[Subsystems] Discovering subsystems at path D:/mateu/Documents/_GameDev/Unity Projects/Project_Room/Assets
GfxDevice: creating device client; kGfxThreadingModeNonThreaded
Direct3D:
    Version:  Direct3D 11.0 [level 11.1]
    Renderer: NVIDIA GeForce RTX 2070 SUPER (ID=0x1e84)
    Vendor:   NVIDIA
    VRAM:     7989 MB
    Driver:   32.0.15.9597
[Licensing::Client] Error: HandshakeResponse reported an error:
	ResponseCode: 505
	ResponseStatus: Unsupported protocol version '1.18.1'.
[Licensing::Module] Error: Failed to handshake to channel: "LicenseClient-mateu"
[Licensing::IpcConnector] LicenseClient-mateu channel disconnected successfully.
[Licensing::IpcConnector] Successfully connected to: "LicenseClient-mateu-6000.3.12" at "2026-04-01T05:01:46.1698241Z"
[Licensing::Client] Handshaking with LicensingClient:
  Version:                 1.18.1+9fbee8e
  Session Id:              4ebeea6335ed43be999ec464e04c044d
  Correlation Id:          a144b5981b2d64d46ab32486845a930f
  External correlation Id: 637429024895332356
  Machine Id:              2uNNPxggrxzVV+SRo5xo1yyUs4s=
[Licensing::Module] Successfully connected to LicensingClient on channel: "LicenseClient-mateu-6000.3.12" (connect: 0.00s, validation: 0.00s, handshake: 1.97s)
[Licensing::IpcConnector] Successfully connected to: "LicenseClient-mateu-6000.3.12-notifications" at "2026-04-01T05:01:48.1396308Z"
[Licensing::Module] Licensing Background thread has ended after 4.25s
Initialize mono
Mono path[0] = 'C:/Program Files/Unity/Hub/Editor/6000.3.12f1/Editor/Data/Managed'
Mono path[1] = 'C:/Program Files/Unity/Hub/Editor/6000.3.12f1/Editor/Data/MonoBleedingEdge/lib/mono/unityjit-win32'
Mono config path = 'C:/Program Files/Unity/Hub/Editor/6000.3.12f1/Editor/Data/MonoBleedingEdge/etc'
Using monoOptions --debugger-agent=transport=dt_socket,embedding=1,server=y,suspend=n,address=127.0.0.1:56612
Begin MonoManager ReloadAssembly
Registering precompiled unity dll's ...
Register platform support module: C:/Program Files/Unity/Hub/Editor/6000.3.12f1/Editor/Data/PlaybackEngines/WindowsStandaloneSupport/UnityEditor.WindowsStandalone.Extensions.dll
Registered in 0.238462 seconds.
- Loaded All Assemblies, in 17.764 seconds
Native extension for WindowsStandalone target not found
Package Manager log level set to [2]
[Package Manager] Failed to launch server process. Reason: Unity was launched with the -noUpm command-line argument
[Package Manager] Unable to send message (not connected to server process).
[Package Manager] Cannot connect to Unity Package Manager local server
ScheduleIndexationOnStartup MainProcess:False IndexOnStartup:True
Mono: successfully reloaded assembly
- Finished resetting the current domain, in  0.718 seconds
Domain Reload Profiling: 18471ms
	BeginReloadAssembly (13868ms)
		ExecutionOrderSort (0ms)
		DisableScriptedObjects (0ms)
		BackupInstance (0ms)
		ReleaseScriptingObjects (0ms)
		CreateAndSetChildDomain (1ms)
	RebuildCommonClasses (1268ms)
	RebuildNativeTypeToScriptingClass (20ms)
	initialDomainReloadingComplete (334ms)
	LoadAllAssembliesAndSetupDomain (2263ms)
		LoadAssemblies (13863ms)
		RebuildTransferFunctionScriptingTraits (0ms)
		AnalyzeDomain (2255ms)
			TypeCache.Refresh (2252ms)
				TypeCache.ScanAssembly (1700ms)
			BuildScriptInfoCaches (0ms)
			ResolveRequiredComponents (1ms)
	FinalizeReload (718ms)
		ReleaseScriptCaches (0ms)
		RebuildScriptCaches (0ms)
		SetupLoadedEditorAssemblies (644ms)
			LogAssemblyErrors (0ms)
			InitializePlatformSupportModulesInManaged (79ms)
			SetLoadedEditorAssemblies (5ms)
			BeforeProcessingInitializeOnLoad (135ms)
			ProcessInitializeOnLoadAttributes (231ms)
			ProcessInitializeOnLoadMethodAttributes (196ms)
			AfterProcessingInitializeOnLoad (0ms)
			EditorAssembliesLoaded (0ms)
		ExecutionOrderSort2 (0ms)
		AwakeInstancesAfterBackupRestoration (0ms)
========================================================================
Worker process is ready to serve import requests
Import Worker Mode flag is 0x00
Begin MonoManager ReloadAssembly
[Licensing::Client] Successfully resolved entitlement details
[Licensing::Module] License group:
  Id: F4-MDN9-DCJU-STJA-WJ2X-XXXX
  Product: Unity Personal
  Type: ULF
  Expiration: Unlimited
[Licensing::Module] License group:
  Id: 4673211846037-UnityPersXXXX
  Product: Unity Personal
  Type: Assigned
  Expiration: Unlimited
- Loaded All Assemblies, in 16.205 seconds
Refreshing native plugins compatible for Editor in 2.98 ms, found 3 plugins.
Native extension for WindowsStandalone target not found
[Package Manager] Failed to launch server process. Reason: Unity was launched with the -noUpm command-line argument
[Package Manager] Unable to send message (not connected to server process).
[Package Manager] Cannot connect to Unity Package Manager local server
[MODES] ModeService[none].Initialize
[MODES] ModeService[none].LoadModes
[MODES] Loading mode Default (0) for mode-current-id-Project_Room
[Package Manager] Failed to launch server process. Reason: Unity was launched with the -noUpm command-line argument
[Package Manager] Unable to send message (not connected to server process).
[Package Manager] Cannot connect to Unity Package Manager local server
ScheduleIndexationOnStartup MainProcess:False IndexOnStartup:True
Mono: successfully reloaded assembly
- Finished resetting the current domain, in  3.401 seconds
Domain Reload Profiling: 19599ms
	BeginReloadAssembly (262ms)
		ExecutionOrderSort (0ms)
		DisableScriptedObjects (10ms)
		BackupInstance (0ms)
		ReleaseScriptingObjects (0ms)
		CreateAndSetChildDomain (38ms)
	RebuildCommonClasses (61ms)
	RebuildNativeTypeToScriptingClass (21ms)
	initialDomainReloadingComplete (61ms)
	LoadAllAssembliesAndSetupDomain (15792ms)
		LoadAssemblies (15144ms)
		RebuildTransferFunctionScriptingTraits (0ms)
		AnalyzeDomain (793ms)
			TypeCache.Refresh (688ms)
				TypeCache.ScanAssembly (667ms)
			BuildScriptInfoCaches (88ms)
			ResolveRequiredComponents (14ms)
	FinalizeReload (3402ms)
		ReleaseScriptCaches (0ms)
		RebuildScriptCaches (0ms)
		SetupLoadedEditorAssemblies (1244ms)
			LogAssemblyErrors (0ms)
			InitializePlatformSupportModulesInManaged (3ms)
			SetLoadedEditorAssemblies (11ms)
			BeforeProcessingInitializeOnLoad (279ms)
			ProcessInitializeOnLoadAttributes (845ms)
			ProcessInitializeOnLoadMethodAttributes (92ms)
			AfterProcessingInitializeOnLoad (13ms)
			EditorAssembliesLoaded (0ms)
		ExecutionOrderSort2 (0ms)
		AwakeInstancesAfterBackupRestoration (10ms)
Launched and connected shader compiler UnityShaderCompiler.exe after 0.09 seconds
Refreshing native plugins compatible for Editor in 2.54 ms, found 3 plugins.
Preloading 0 native plugins for Editor in 0.00 ms.
Unloading 29 Unused Serialized files (Serialized files now loaded: 0)
Unloading 5535 unused Assets / (5.5 MB). Loaded Objects now: 6398.
Memory consumption went from 146.0 MB to 140.5 MB.
Total: 11.790100 ms (FindLiveObjects: 1.622200 ms CreateObjectMapping: 1.100200 ms MarkObjects: 5.982000 ms  DeleteObjects: 3.084400 ms)

========================================================================
Received Import Request.
  Time since last request: 106565.943573 seconds.
  path: Assets/Material/DB_01.mat
  artifactKey: Guid(3af45afcd5354da4298a617c037ef7cc) Importer(2089858483,d624ce77472d68a35037170ec1d2d27e)
Start importing Assets/Material/DB_01.mat using Guid(3af45afcd5354da4298a617c037ef7cc) Importer(2089858483,d624ce77472d68a35037170ec1d2d27e) (ScriptedImporter) -> (artifact id: '257ed954fc7e6f6b55985ca11e057869') in 0.3442977 seconds
Number of updated asset objects reloaded before import = 0Number of asset objects unloaded after import = 4

========================================================================
Received Import Request.
  Time since last request: 0.000024 seconds.
  path: Assets/_Script/StateMachine/Chase.cs
  artifactKey: Guid(683b865713a81b24db499927565db5f8) Importer(2089858483,d624ce77472d68a35037170ec1d2d27e)
Start importing Assets/_Script/StateMachine/Chase.cs using Guid(683b865713a81b24db499927565db5f8) Importer(2089858483,d624ce77472d68a35037170ec1d2d27e) (ScriptedImporter) -> (artifact id: '8564cb30d2c7327acdf288b5ffdf8bfb') in 0.0232303 seconds
Number of updated asset objects reloaded before import = 0Number of asset objects unloaded after import = 0

========================================================================
Received Import Request.
  Time since last request: 0.000024 seconds.
  path: Assets/_Scene/Level/ReflectionProbe-1.exr
  artifactKey: Guid(98e30e7cc09cdfa4cbb12b9a4c1e2eba) Importer(2089858483,d624ce77472d68a35037170ec1d2d27e)
Start importing Assets/_Scene/Level/ReflectionProbe-1.exr using Guid(98e30e7cc09cdfa4cbb12b9a4c1e2eba) Importer(2089858483,d624ce77472d68a35037170ec1d2d27e) (ScriptedImporter) -> (artifact id: '0cd9f97650af2d4f4cac50a1e6ddb7e8') in 0.1056251 seconds
Number of updated asset objects reloaded before import = 0Number of asset objects unloaded after import = 1

========================================================================
Received Import Request.
  Time since last request: 0.000023 seconds.
  path: Assets/_Script/StateMachine
  artifactKey: Guid(07cab3211d534a142beb869b706b1729) Importer(2089858483,d624ce77472d68a35037170ec1d2d27e)
Start importing Assets/_Script/StateMachine using Guid(07cab3211d534a142beb869b706b1729) Importer(2089858483,d624ce77472d68a35037170ec1d2d27e) (ScriptedImporter) -> (artifact id: '18d94e9288fbe072843715b1366de145') in 0.0140365 seconds
Number of updated asset objects reloaded before import = 0Number of asset objects unloaded after import = 1

========================================================================
Received Import Request.
  Time since last request: 0.000020 seconds.
  path: Assets/Material/Keycard_Red.mat
  artifactKey: Guid(45a506e02d6ce0d49b5a9fc915db1582) Importer(2089858483,d624ce77472d68a35037170ec1d2d27e)
Start importing Assets/Material/Keycard_Red.mat using Guid(45a506e02d6ce0d49b5a9fc915db1582) Importer(2089858483,d624ce77472d68a35037170ec1d2d27e) (ScriptedImporter) -> (artifact id: 'bdff881c8d4e9c584a23e5a586b2c0ec') in 0.0909344 seconds
Number of updated asset objects reloaded before import = 0Number of asset objects unloaded after import = 2

========================================================================
Received Import Request.
  Time since last request: 0.000024 seconds.
  path: Assets/_Prefab/Item/Weapon/Pistol.prefab
  artifactKey: Guid(3506d0d7280e5314e8368499a967254d) Importer(2089858483,d624ce77472d68a35037170ec1d2d27e)
Start importing Assets/_Prefab/Item/Weapon/Pistol.prefab using Guid(3506d0d7280e5314e8368499a967254d) Importer(2089858483,d624ce77472d68a35037170ec1d2d27e) (ScriptedImporter)'MaiNull.Item.Weapon' is missing the class attribute 'ExtensionOfNativeClass'!
UnityEngine.Debug:ExtractStackTraceNoAlloc (byte*,int,string)
UnityEngine.StackTraceUtility:ExtractStackTrace ()
UnityEditor.AssetDatabase:LoadAssetAtPath (string,System.Type)
UnityEditor.AssetDatabase:LoadAssetAtPath<UnityEngine.GameObject> (string)
UnityEditor.Search.AssetIndexer:IndexDocument (string,bool)
UnityEditor.Search.SearchIndexArtifactImporter:OnImportAsset (UnityEditor.AssetImporters.AssetImportContext)
UnityEditor.AssetImporters.ScriptedImporter:GenerateAssetData (UnityEditor.AssetImporters.AssetImportContext)

[C:\build\output\unity\unity\Runtime\Scripting\ManagedReference\SerializableManagedRef.cpp line 149]

GameObject (named 'Pistol') references runtime script in scene file. Fixing!
UnityEngine.Debug:ExtractStackTraceNoAlloc (byte*,int,string)
UnityEngine.StackTraceUtility:ExtractStackTrace ()
UnityEditor.AssetDatabase:LoadAssetAtPath (string,System.Type)
UnityEditor.AssetDatabase:LoadAssetAtPath<UnityEngine.GameObject> (string)
UnityEditor.Search.AssetIndexer:IndexDocument (string,bool)
UnityEditor.Search.SearchIndexArtifactImporter:OnImportAsset (UnityEditor.AssetImporters.AssetImportContext)
UnityEditor.AssetImporters.ScriptedImporter:GenerateAssetData (UnityEditor.AssetImporters.AssetImportContext)

[C:\build\output\unity\unity\Runtime\Mono\MonoBehaviour.cpp line 1061]

'MaiNull.Item.Weapon' is missing the class attribute 'ExtensionOfNativeClass'!
UnityEngine.Debug:ExtractStackTraceNoAlloc (byte*,int,string)
UnityEngine.StackTraceUtility:ExtractStackTrace ()
UnityEditor.AssetDatabase:LoadAssetAtPath (string,System.Type)
UnityEditor.AssetDatabase:LoadAssetAtPath<UnityEngine.GameObject> (string)
UnityEditor.Search.AssetIndexer:IndexDocument (string,bool)
UnityEditor.Search.SearchIndexArtifactImporter:OnImportAsset (UnityEditor.AssetImporters.AssetImportContext)
UnityEditor.AssetImporters.ScriptedImporter:GenerateAssetData (UnityEditor.AssetImporters.AssetImportContext)

[C:\build\output\unity\unity\Runtime\Scripting\ManagedReference\SerializableManagedRef.cpp line 149]

 -> (artifact id: '08c85547eef4919295c3dca8760ecefc') in 0.1686259 seconds
Number of updated asset objects reloaded before import = 0Number of asset objects unloaded after import = 20

========================================================================
Received Import Request.
  Time since last request: 0.000025 seconds.
  path: Assets/_Script/Health.cs
  artifactKey: Guid(ed21208b4193ee247bcd10eddf3c4d77) Importer(2089858483,d624ce77472d68a35037170ec1d2d27e)
Start importing Assets/_Script/Health.cs using Guid(ed21208b4193ee247bcd10eddf3c4d77) Importer(2089858483,d624ce77472d68a35037170ec1d2d27e) (ScriptedImporter) -> (artifact id: '0908354303c1898b7f6ff10d3aae6355') in 0.013504 seconds
Number of updated asset objects reloaded before import = 0Number of asset objects unloaded after import = 0

========================================================================
Received Import Request.
  Time since last request: 0.000027 seconds.
  path: Assets/_Script/UI_Hit.cs
  artifactKey: Guid(18e13502e49676746a2cbf6ab7283c3e) Importer(2089858483,d624ce77472d68a35037170ec1d2d27e)
Start importing Assets/_Script/UI_Hit.cs using Guid(18e13502e49676746a2cbf6ab7283c3e) Importer(2089858483,d624ce77472d68a35037170ec1d2d27e) (ScriptedImporter) -> (artifact id: 'ca280ebdcc1075423013506ef464c463') in 0.016027 seconds
Number of updated asset objects reloaded before import = 0Number of asset objects unloaded after import = 0

========================================================================
Received Import Request.
  Time since last request: 0.000016 seconds.
  path: Assets/Material/Garage_Door.mat
  artifactKey: Guid(cf891636a1e884243bc8fa93631b6531) Importer(2089858483,d624ce77472d68a35037170ec1d2d27e)
Start importing Assets/Material/Garage_Door.mat using Guid(cf891636a1e884243bc8fa93631b6531) Importer(2089858483,d624ce77472d68a35037170ec1d2d27e) (ScriptedImporter) -> (artifact id: '9febec7d20578e2cf0ad3e3a316e0777') in 0.0600736 seconds
Number of updated asset objects reloaded before import = 0Number of asset objects unloaded after import = 2

========================================================================
Received Import Request.
  Time since last request: 0.000020 seconds.
  path: Assets/_Script/StateMachine/Patrolling.cs
  artifactKey: Guid(f573e9c46d4e10d4b94ed13431a972a4) Importer(2089858483,d624ce77472d68a35037170ec1d2d27e)
Start importing Assets/_Script/StateMachine/Patrolling.cs using Guid(f573e9c46d4e10d4b94ed13431a972a4) Importer(2089858483,d624ce77472d68a35037170ec1d2d27e) (ScriptedImporter) -> (artifact id: '1b432b5deb98e904268192d151c9e9da') in 0.021888 seconds
Number of updated asset objects reloaded before import = 0Number of asset objects unloaded after import = 0

========================================================================
Received Import Request.
  Time since last request: 0.000026 seconds.
  path: Assets/_Prefab/Item/Weapon/DoubleBarrel.prefab
  artifactKey: Guid(91e426bf8db83cb4d84dfbcecf602fe2) Importer(2089858483,d624ce77472d68a35037170ec1d2d27e)
Start importing Assets/_Prefab/Item/Weapon/DoubleBarrel.prefab using Guid(91e426bf8db83cb4d84dfbcecf602fe2) Importer(2089858483,d624ce77472d68a35037170ec1d2d27e) (ScriptedImporter)'MaiNull.Item.Weapon' is missing the class attribute 'ExtensionOfNativeClass'!
UnityEngine.Debug:ExtractStackTraceNoAlloc (byte*,int,string)
UnityEngine.StackTraceUtility:ExtractStackTrace ()
UnityEditor.AssetDatabase:LoadAssetAtPath (string,System.Type)
UnityEditor.AssetDatabase:LoadAssetAtPath<UnityEngine.GameObject> (string)
UnityEditor.Search.AssetIndexer:IndexDocument (string,bool)
UnityEditor.Search.SearchIndexArtifactImporter:OnImportAsset (UnityEditor.AssetImporters.AssetImportContext)
UnityEditor.AssetImporters.ScriptedImporter:GenerateAssetData (UnityEditor.AssetImporters.AssetImportContext)

[C:\build\output\unity\unity\Runtime\Scripting\ManagedReference\SerializableManagedRef.cpp line 149]

GameObject (named 'DoubleBarrel') references runtime script in scene file. Fixing!
UnityEngine.Debug:ExtractStackTraceNoAlloc (byte*,int,string)
UnityEngine.StackTraceUtility:ExtractStackTrace ()
UnityEditor.AssetDatabase:LoadAssetAtPath (string,System.Type)
UnityEditor.AssetDatabase:LoadAssetAtPath<UnityEngine.GameObject> (string)
UnityEditor.Search.AssetIndexer:IndexDocument (string,bool)
UnityEditor.Search.SearchIndexArtifactImporter:OnImportAsset (UnityEditor.AssetImporters.AssetImportContext)
UnityEditor.AssetImporters.ScriptedImporter:GenerateAssetData (UnityEditor.AssetImporters.AssetImportContext)

[C:\build\output\unity\unity\Runtime\Mono\MonoBehaviour.cpp line 1061]

'MaiNull.Item.Weapon' is missing the class attribute 'ExtensionOfNativeClass'!
UnityEngine.Debug:ExtractStackTraceNoAlloc (byte*,int,string)
UnityEngine.StackTraceUtility:ExtractStackTrace ()
UnityEditor.AssetDatabase:LoadAssetAtPath (string,System.Type)
UnityEditor.AssetDatabase:LoadAssetAtPath<UnityEngine.GameObject> (string)
UnityEditor.Search.AssetIndexer:IndexDocument (string,bool)
UnityEditor.Search.SearchIndexArtifactImporter:OnImportAsset (UnityEditor.AssetImporters.AssetImportContext)
UnityEditor.AssetImporters.ScriptedImporter:GenerateAssetData (UnityEditor.AssetImporters.AssetImportContext)

[C:\build\output\unity\unity\Runtime\Scripting\ManagedReference\SerializableManagedRef.cpp line 149]

 -> (artifact id: '29f5e9c95b1f2b8ac349055caadbe5fa') in 0.0745224 seconds
Number of updated asset objects reloaded before import = 0Number of asset objects unloaded after import = 21

========================================================================
Received Import Request.
  Time since last request: 0.000019 seconds.
  path: Assets/_Script/UI_Keycards.cs
  artifactKey: Guid(0dd23b8fad1032749bdb563f5ba96fb0) Importer(2089858483,d624ce77472d68a35037170ec1d2d27e)
Start importing Assets/_Script/UI_Keycards.cs using Guid(0dd23b8fad1032749bdb563f5ba96fb0) Importer(2089858483,d624ce77472d68a35037170ec1d2d27e) (ScriptedImporter) -> (artifact id: 'f52f2f9b7a15388dd90bb437267409fa') in 0.019161 seconds
Number of updated asset objects reloaded before import = 0Number of asset objects unloaded after import = 0

========================================================================
Received Import Request.
  Time since last request: 0.000019 seconds.
  path: Assets/_Scene/Office/ReflectionProbe-12.exr
  artifactKey: Guid(ce22ad706e2c8cc4088baea89145e3f4) Importer(2089858483,d624ce77472d68a35037170ec1d2d27e)
Start importing Assets/_Scene/Office/ReflectionProbe-12.exr using Guid(ce22ad706e2c8cc4088baea89145e3f4) Importer(2089858483,d624ce77472d68a35037170ec1d2d27e) (ScriptedImporter) -> (artifact id: 'efe013efe6956bc01dca1ac28f467aea') in 0.0358622 seconds
Number of updated asset objects reloaded before import = 0Number of asset objects unloaded after import = 1

========================================================================
Received Import Request.
  Time since last request: 0.000027 seconds.
  path: Assets/Anim Override/Double Barrel Override.overrideController
  artifactKey: Guid(256889344a1820d4f9d9ad130e20a49a) Importer(2089858483,d624ce77472d68a35037170ec1d2d27e)
Start importing Assets/Anim Override/Double Barrel Override.overrideController using Guid(256889344a1820d4f9d9ad130e20a49a) Importer(2089858483,d624ce77472d68a35037170ec1d2d27e) (ScriptedImporter) -> (artifact id: '8635cf7a2cc5018a78ca00486aae45be') in 0.374213 seconds
Number of updated asset objects reloaded before import = 0Number of asset objects unloaded after import = 19

========================================================================
Received Import Request.
  Time since last request: 0.000023 seconds.
  path: Assets/Prototyping Pack/Resources/Materials/Prototyp_Material_7.mat
  artifactKey: Guid(1d995df76d244df4eafb5a026363c584) Importer(2089858483,d624ce77472d68a35037170ec1d2d27e)
Start importing Assets/Prototyping Pack/Resources/Materials/Prototyp_Material_7.mat using Guid(1d995df76d244df4eafb5a026363c584) Importer(2089858483,d624ce77472d68a35037170ec1d2d27e) (ScriptedImporter) -> (artifact id: '45da90580f981425ef1ebd3d2492e06a') in 0.0779208 seconds
Number of updated asset objects reloaded before import = 0Number of asset objects unloaded after import = 2

========================================================================
Received Import Request.
  Time since last request: 0.000027 seconds.
  path: Assets/Universal Render Pipeline Asset_Renderer.asset
  artifactKey: Guid(d8ac97fdf984c3f4bba67b6fc79cedeb) Importer(2089858483,d624ce77472d68a35037170ec1d2d27e)
Start importing Assets/Universal Render Pipeline Asset_Renderer.asset using Guid(d8ac97fdf984c3f4bba67b6fc79cedeb) Importer(2089858483,d624ce77472d68a35037170ec1d2d27e) (ScriptedImporter) -> (artifact id: 'a56be98dabe5822eab0177cdd92fdf28') in 0.0790134 seconds
Number of updated asset objects reloaded before import = 0Number of asset objects unloaded after import = 1

========================================================================
Received Import Request.
  Time since last request: 0.000017 seconds.
  path: Assets/_Script/Elevator.cs
  artifactKey: Guid(a87e38a6fc763c347b80306afead2d2a) Importer(2089858483,d624ce77472d68a35037170ec1d2d27e)
Start importing Assets/_Script/Elevator.cs using Guid(a87e38a6fc763c347b80306afead2d2a) Importer(2089858483,d624ce77472d68a35037170ec1d2d27e) (ScriptedImporter) -> (artifact id: '9c0886bc23f40f756057e261b9d5010f') in 0.0113532 seconds
Number of updated asset objects reloaded before import = 0Number of asset objects unloaded after import = 0

========================================================================
Received Import Request.
  Time since last request: 0.000019 seconds.
  path: Assets/_Scene/Level/ReflectionProbe-0.exr
  artifactKey: Guid(e58b728f91c70cf489c875c579dbd87d) Importer(2089858483,d624ce77472d68a35037170ec1d2d27e)
Start importing Assets/_Scene/Level/ReflectionProbe-0.exr using Guid(e58b728f91c70cf489c875c579dbd87d) Importer(2089858483,d624ce77472d68a35037170ec1d2d27e) (ScriptedImporter) -> (artifact id: '0aba9b659dd846da6f68ae80a41f35bb') in 0.0305857 seconds
Number of updated asset objects reloaded before import = 0Number of asset objects unloaded after import = 1

========================================================================
Received Import Request.
  Time since last request: 0.000024 seconds.
  path: Assets/_Scene/Level/ReflectionProbe-6.exr
  artifactKey: Guid(0038a27d7a4e6634daed146b3ec4a8fb) Importer(2089858483,d624ce77472d68a35037170ec1d2d27e)
Start importing Assets/_Scene/Level/ReflectionProbe-6.exr using Guid(0038a27d7a4e6634daed146b3ec4a8fb) Importer(2089858483,d624ce77472d68a35037170ec1d2d27e) (ScriptedImporter) -> (artifact id: '2cb5be863c28d87ce2f41073230d09d5') in 0.0481745 seconds
Number of updated asset objects reloaded before import = 0Number of asset objects unloaded after import = 1

========================================================================
Received Import Request.
  Time since last request: 0.000015 seconds.
  path: Assets/Prototyping Pack/Resources/Materials/Prototyp_Material_1.mat
  artifactKey: Guid(774fb2efcf5a06e4ebb09ced855a11c1) Importer(2089858483,d624ce77472d68a35037170ec1d2d27e)
Start importing Assets/Prototyping Pack/Resources/Materials/Prototyp_Material_1.mat using Guid(774fb2efcf5a06e4ebb09ced855a11c1) Importer(2089858483,d624ce77472d68a35037170ec1d2d27e) (ScriptedImporter) -> (artifact id: '08cb1e29de202f5cd5e322030a53966b') in 0.0581551 seconds
Number of updated asset objects reloaded before import = 0Number of asset objects unloaded after import = 2

========================================================================
Received Import Request.
  Time since last request: 0.000021 seconds.
  path: Assets/_Script/KeycardReader.cs
  artifactKey: Guid(74884f2897c162843afb5aa9c2d672eb) Importer(2089858483,d624ce77472d68a35037170ec1d2d27e)
Start importing Assets/_Script/KeycardReader.cs using Guid(74884f2897c162843afb5aa9c2d672eb) Importer(2089858483,d624ce77472d68a35037170ec1d2d27e) (ScriptedImporter) -> (artifact id: 'b6c7222818c08f1b28e4cfdf6a01446c') in 0.0120791 seconds
Number of updated asset objects reloaded before import = 0Number of asset objects unloaded after import = 0

========================================================================
Received Import Request.
  Time since last request: 0.000028 seconds.
  path: Assets/Prototyping Pack/Resources/Materials/Prototyp_Material_10.mat
  artifactKey: Guid(1b9854cb4546be94796b7c0e97c44249) Importer(2089858483,d624ce77472d68a35037170ec1d2d27e)
Start importing Assets/Prototyping Pack/Resources/Materials/Prototyp_Material_10.mat using Guid(1b9854cb4546be94796b7c0e97c44249) Importer(2089858483,d624ce77472d68a35037170ec1d2d27e) (ScriptedImporter) -> (artifact id: 'f2e59116ccb6f5191b5396887ee780e9') in 0.1549913 seconds
Number of updated asset objects reloaded before import = 0Number of asset objects unloaded after import = 2

========================================================================
Received Import Request.
  Time since last request: 0.000019 seconds.
  path: Assets/_Script/UI_Consumables.cs
  artifactKey: Guid(9eb51897c1da6594f83d268257c4a30f) Importer(2089858483,d624ce77472d68a35037170ec1d2d27e)
Start importing Assets/_Script/UI_Consumables.cs using Guid(9eb51897c1da6594f83d268257c4a30f) Importer(2089858483,d624ce77472d68a35037170ec1d2d27e) (ScriptedImporter) -> (artifact id: 'e78515f1af472f82a33a5667d0878ba1') in 0.0793981 seconds
Number of updated asset objects reloaded before import = 0Number of asset objects unloaded after import = 0

========================================================================
Received Import Request.
  Time since last request: 0.000024 seconds.
  path: Assets/TextMesh Pro/Examples & Extras/Materials/Ground - URP.mat
  artifactKey: Guid(71529b88994c1a341b22bc57c038674a) Importer(2089858483,d624ce77472d68a35037170ec1d2d27e)
Start importing Assets/TextMesh Pro/Examples & Extras/Materials/Ground - URP.mat using Guid(71529b88994c1a341b22bc57c038674a) Importer(2089858483,d624ce77472d68a35037170ec1d2d27e) (ScriptedImporter) -> (artifact id: 'f5f034a720680a1d13056b20fe8d923d') in 0.1250382 seconds
Number of updated asset objects reloaded before import = 0Number of asset objects unloaded after import = 2

========================================================================
Received Import Request.
  Time since last request: 0.000020 seconds.
  path: Assets/_Scene/Office/ReflectionProbe-14.exr
  artifactKey: Guid(06b525bf31faa274eb45419c5721a9bf) Importer(2089858483,d624ce77472d68a35037170ec1d2d27e)
Start importing Assets/_Scene/Office/ReflectionProbe-14.exr using Guid(06b525bf31faa274eb45419c5721a9bf) Importer(2089858483,d624ce77472d68a35037170ec1d2d27e) (ScriptedImporter) -> (artifact id: '0fd525deff9541ebb9c7bc17b52b0bbd') in 0.0840098 seconds
Number of updated asset objects reloaded before import = 0Number of asset objects unloaded after import = 1

========================================================================
Received Import Request.
  Time since last request: 0.000027 seconds.
  path: Assets/_Scriptable Object/Weapon/DoubleBarrel.asset
  artifactKey: Guid(5e63fe80ca5a02348a79e414a7011aba) Importer(2089858483,d624ce77472d68a35037170ec1d2d27e)
Start importing Assets/_Scriptable Object/Weapon/DoubleBarrel.asset using Guid(5e63fe80ca5a02348a79e414a7011aba) Importer(2089858483,d624ce77472d68a35037170ec1d2d27e) (ScriptedImporter) -> (artifact id: '92187c4ec4affecaac4719f4a1135bc9') in 0.1858505 seconds
Number of updated asset objects reloaded before import = 0Number of asset objects unloaded after import = 22

========================================================================
Received Import Request.
  Time since last request: 0.000035 seconds.
  path: Assets/_Script/StateMachine/StateMachine.cs
  artifactKey: Guid(368e047516ec02d41b039a73595a7498) Importer(2089858483,d624ce77472d68a35037170ec1d2d27e)
Start importing Assets/_Script/StateMachine/StateMachine.cs using Guid(368e047516ec02d41b039a73595a7498) Importer(2089858483,d624ce77472d68a35037170ec1d2d27e) (ScriptedImporter) -> (artifact id: '79d5f4eb72ed0f4da145a68af416d629') in 0.0255721 seconds
Number of updated asset objects reloaded before import = 0Number of asset objects unloaded after import = 0

========================================================================
Received Import Request.
  Time since last request: 0.000027 seconds.
  path: Assets/_Script/Item/WeaponData.cs
  artifactKey: Guid(c4ffb0a08ab89c3479dbe0ea50f33bbe) Importer(2089858483,d624ce77472d68a35037170ec1d2d27e)
Start importing Assets/_Script/Item/WeaponData.cs using Guid(c4ffb0a08ab89c3479dbe0ea50f33bbe) Importer(2089858483,d624ce77472d68a35037170ec1d2d27e) (ScriptedImporter) -> (artifact id: 'ccd2053354404b3f531e428e24085e65') in 0.019753 seconds
Number of updated asset objects reloaded before import = 0Number of asset objects unloaded after import = 0

========================================================================
Received Import Request.
  Time since last request: 0.000016 seconds.
  path: Assets/Material/Keyboard.mat
  artifactKey: Guid(9014a179ce6ce0c4aba99bc56564bfae) Importer(2089858483,d624ce77472d68a35037170ec1d2d27e)
Start importing Assets/Material/Keyboard.mat using Guid(9014a179ce6ce0c4aba99bc56564bfae) Importer(2089858483,d624ce77472d68a35037170ec1d2d27e) (ScriptedImporter) -> (artifact id: '4bf93724680feb3b6667019c10456e1d') in 0.20812 seconds
Number of updated asset objects reloaded before import = 0Number of asset objects unloaded after import = 2

========================================================================
Received Import Request.
  Time since last request: 0.000022 seconds.
  path: Assets/Prototyping Pack/Resources/Materials/Prototyp_Material_6.mat
  artifactKey: Guid(c56b206169d606441bc20e1a416560ce) Importer(2089858483,d624ce77472d68a35037170ec1d2d27e)
Start importing Assets/Prototyping Pack/Resources/Materials/Prototyp_Material_6.mat using Guid(c56b206169d606441bc20e1a416560ce) Importer(2089858483,d624ce77472d68a35037170ec1d2d27e) (ScriptedImporter) -> (artifact id: '48b1483a64ccce2437be961ba379bf9f') in 0.164812 seconds
Number of updated asset objects reloaded before import = 0Number of asset objects unloaded after import = 2

========================================================================
Received Import Request.
  Time since last request: 0.000027 seconds.
  path: Assets/Material/Monitor.mat
  artifactKey: Guid(73bb9354e58afa341a3ee61628ab958b) Importer(2089858483,d624ce77472d68a35037170ec1d2d27e)
Start importing Assets/Material/Monitor.mat using Guid(73bb9354e58afa341a3ee61628ab958b) Importer(2089858483,d624ce77472d68a35037170ec1d2d27e) (ScriptedImporter) -> (artifact id: 'c211addbab8d38cde2ec383f574e487d') in 0.0876465 seconds
Number of updated asset objects reloaded before import = 0Number of asset objects unloaded after import = 3

========================================================================
Received Import Request.
  Time since last request: 0.000021 seconds.
  path: Assets/Material/Medkit.mat
  artifactKey: Guid(b6e1fb3dad44ead42b8f2ac827234d0b) Importer(2089858483,d624ce77472d68a35037170ec1d2d27e)
Start importing Assets/Material/Medkit.mat using Guid(b6e1fb3dad44ead42b8f2ac827234d0b) Importer(2089858483,d624ce77472d68a35037170ec1d2d27e) (ScriptedImporter) -> (artifact id: '954078cb2517daf6a73342959daff1c4') in 0.1256925 seconds
Number of updated asset objects reloaded before import = 0Number of asset objects unloaded after import = 4

========================================================================
Received Import Request.
  Time since last request: 0.000035 seconds.
  path: Assets/TextMesh Pro/Examples & Extras/Materials/Crate - Surface Shader Scene.mat
  artifactKey: Guid(e6b9b44320f4448d9d5e0ee634259966) Importer(2089858483,d624ce77472d68a35037170ec1d2d27e)
Start importing Assets/TextMesh Pro/Examples & Extras/Materials/Crate - Surface Shader Scene.mat using Guid(e6b9b44320f4448d9d5e0ee634259966) Importer(2089858483,d624ce77472d68a35037170ec1d2d27e) (ScriptedImporter) -> (artifact id: '27c9d0687eaa6ef06eef0637e3abdbe2') in 0.0860514 seconds
Number of updated asset objects reloaded before import = 0Number of asset objects unloaded after import = 3

========================================================================
Received Import Request.
  Time since last request: 0.000046 seconds.
  path: Assets/Material/Galoon_Base.mat
  artifactKey: Guid(9e67c82ff1e2784419b5fd57791c4c25) Importer(2089858483,d624ce77472d68a35037170ec1d2d27e)
Start importing Assets/Material/Galoon_Base.mat using Guid(9e67c82ff1e2784419b5fd57791c4c25) Importer(2089858483,d624ce77472d68a35037170ec1d2d27e) (ScriptedImporter) -> (artifact id: 'bcf3afbdc237edd029092b95d0a9622e') in 0.2628595 seconds
Number of updated asset objects reloaded before import = 0Number of asset objects unloaded after import = 4

========================================================================
Received Import Request.
  Time since last request: 0.000019 seconds.
  path: Assets/_Script/StateMachine/Attack.cs
  artifactKey: Guid(c8fac26c85d05ea42b7e71a431921199) Importer(2089858483,d624ce77472d68a35037170ec1d2d27e)
Start importing Assets/_Script/StateMachine/Attack.cs using Guid(c8fac26c85d05ea42b7e71a431921199) Importer(2089858483,d624ce77472d68a35037170ec1d2d27e) (ScriptedImporter) -> (artifact id: 'bee116cca8772125070bac9cd6a27206') in 0.0177088 seconds
Number of updated asset objects reloaded before import = 0Number of asset objects unloaded after import = 0

========================================================================
Received Import Request.
  Time since last request: 0.000026 seconds.
  path: Assets/_Script/UI_Crosshair.cs
  artifactKey: Guid(0cd1a48d90c501149b0ee9e9ab14bae9) Importer(2089858483,d624ce77472d68a35037170ec1d2d27e)
Start importing Assets/_Script/UI_Crosshair.cs using Guid(0cd1a48d90c501149b0ee9e9ab14bae9) Importer(2089858483,d624ce77472d68a35037170ec1d2d27e) (ScriptedImporter) -> (artifact id: 'c9531c94de2c5490ab41d1892413d0ad') in 0.0214646 seconds
Number of updated asset objects reloaded before import = 0Number of asset objects unloaded after import = 0

========================================================================
Received Import Request.
  Time since last request: 0.000016 seconds.
  path: Assets/_Scene/Level/ReflectionProbe-9.exr
  artifactKey: Guid(d80f0c55f27f41c4e88f813af1ca5194) Importer(2089858483,d624ce77472d68a35037170ec1d2d27e)
Start importing Assets/_Scene/Level/ReflectionProbe-9.exr using Guid(d80f0c55f27f41c4e88f813af1ca5194) Importer(2089858483,d624ce77472d68a35037170ec1d2d27e) (ScriptedImporter) -> (artifact id: 'dfbe39c1750417fdad3b5ad71e36f786') in 0.0581823 seconds
Number of updated asset objects reloaded before import = 0Number of asset objects unloaded after import = 1

========================================================================
Received Import Request.
  Time since last request: 0.000022 seconds.
  path: Assets/TextMesh Pro/Examples & Extras/Materials/Crate - URP.mat
  artifactKey: Guid(3b5cc91c3bf8cf74391252247f52fb59) Importer(2089858483,d624ce77472d68a35037170ec1d2d27e)
Start importing Assets/TextMesh Pro/Examples & Extras/Materials/Crate - URP.mat using Guid(3b5cc91c3bf8cf74391252247f52fb59) Importer(2089858483,d624ce77472d68a35037170ec1d2d27e) (ScriptedImporter) -> (artifact id: '8a6252feba1e5df1191b791d3a1987cf') in 0.0354493 seconds
Number of updated asset objects reloaded before import = 0Number of asset objects unloaded after import = 3

========================================================================
Received Import Request.
  Time since last request: 0.000027 seconds.
  path: Assets/Prototyping Pack/Resources/Materials/Prototyp_Material_13.mat
  artifactKey: Guid(797bf488c630d4c4da4076a24ec6a432) Importer(2089858483,d624ce77472d68a35037170ec1d2d27e)
Start importing Assets/Prototyping Pack/Resources/Materials/Prototyp_Material_13.mat using Guid(797bf488c630d4c4da4076a24ec6a432) Importer(2089858483,d624ce77472d68a35037170ec1d2d27e) (ScriptedImporter) -> (artifact id: '68c1221672680146914dd81dce5dc72d') in 0.0320927 seconds
Number of updated asset objects reloaded before import = 0Number of asset objects unloaded after import = 1

========================================================================
Received Import Request.
  Time since last request: 0.000016 seconds.
  path: Assets/_Script/Item/KeycardData.cs
  artifactKey: Guid(38ff397964b953046b0c8c7a793eb890) Importer(2089858483,d624ce77472d68a35037170ec1d2d27e)
Start importing Assets/_Script/Item/KeycardData.cs using Guid(38ff397964b953046b0c8c7a793eb890) Importer(2089858483,d624ce77472d68a35037170ec1d2d27e) (ScriptedImporter) -> (artifact id: 'dfd0786e7b03ff9574da182d0fdded98') in 0.0120927 seconds
Number of updated asset objects reloaded before import = 0Number of asset objects unloaded after import = 0

========================================================================
Received Import Request.
  Time since last request: 0.000017 seconds.
  path: Assets/Material/Keycard_Black.mat
  artifactKey: Guid(7fc1cf9321c1a074e80dc3a3c25555c5) Importer(2089858483,d624ce77472d68a35037170ec1d2d27e)
Start importing Assets/Material/Keycard_Black.mat using Guid(7fc1cf9321c1a074e80dc3a3c25555c5) Importer(2089858483,d624ce77472d68a35037170ec1d2d27e) (ScriptedImporter) -> (artifact id: 'cd2ba68242e26c5c790ea7fd59e5178d') in 0.1149215 seconds
Number of updated asset objects reloaded before import = 0Number of asset objects unloaded after import = 3

========================================================================
Received Import Request.
  Time since last request: 0.000022 seconds.
  path: Assets/Material/Elevator_Tiles.mat
  artifactKey: Guid(1e751dda56f13714abc7951ebf16de53) Importer(2089858483,d624ce77472d68a35037170ec1d2d27e)
Start importing Assets/Material/Elevator_Tiles.mat using Guid(1e751dda56f13714abc7951ebf16de53) Importer(2089858483,d624ce77472d68a35037170ec1d2d27e) (ScriptedImporter) -> (artifact id: '15a02450ff84963eb6795c3c468e14c5') in 0.0765645 seconds
Number of updated asset objects reloaded before import = 0Number of asset objects unloaded after import = 4

========================================================================
Received Import Request.
  Time since last request: 0.000028 seconds.
  path: Assets/_Prefab/Character/PlayerRB.prefab
  artifactKey: Guid(cac697894ea3cc64eb0fd89563aa11b5) Importer(2089858483,d624ce77472d68a35037170ec1d2d27e)
Start importing Assets/_Prefab/Character/PlayerRB.prefab using Guid(cac697894ea3cc64eb0fd89563aa11b5) Importer(2089858483,d624ce77472d68a35037170ec1d2d27e) (ScriptedImporter) -> (artifact id: '418c60bf374caacd141a3db6960a6237') in 0.2690575 seconds
Number of updated asset objects reloaded before import = 0Number of asset objects unloaded after import = 20

========================================================================
Received Import Request.
  Time since last request: 0.000020 seconds.
  path: Assets/TextMesh Pro/Examples & Extras/Resources/Fonts & Materials/Bangers SDF.asset
  artifactKey: Guid(125cb55b44b24c4393181402bc6200e6) Importer(2089858483,d624ce77472d68a35037170ec1d2d27e)
Start importing Assets/TextMesh Pro/Examples & Extras/Resources/Fonts & Materials/Bangers SDF.asset using Guid(125cb55b44b24c4393181402bc6200e6) Importer(2089858483,d624ce77472d68a35037170ec1d2d27e) (ScriptedImporter) -> (artifact id: '71bfae6f593b2e9747cf2a5b85ec7825') in 0.0968376 seconds
Number of updated asset objects reloaded before import = 0Number of asset objects unloaded after import = 5

========================================================================
Received Import Request.
  Time since last request: 0.000024 seconds.
  path: Assets/_Prefab/UI/UI_Inventory_Item.prefab
  artifactKey: Guid(2df2199bee1a56242b5bd151d576cc0f) Importer(2089858483,d624ce77472d68a35037170ec1d2d27e)
Start importing Assets/_Prefab/UI/UI_Inventory_Item.prefab using Guid(2df2199bee1a56242b5bd151d576cc0f) Importer(2089858483,d624ce77472d68a35037170ec1d2d27e) (ScriptedImporter) -> (artifact id: '4707e6dc3ed7d7d69c19096bd8325bff') in 0.1090153 seconds
Number of updated asset objects reloaded before import = 0Number of asset objects unloaded after import = 18

========================================================================
Received Import Request.
  Time since last request: 0.000027 seconds.
  path: Assets/_Scene/Office/ReflectionProbe-13.exr
  artifactKey: Guid(18193c69cc782a544b629e71b54b19ee) Importer(2089858483,d624ce77472d68a35037170ec1d2d27e)
Start importing Assets/_Scene/Office/ReflectionProbe-13.exr using Guid(18193c69cc782a544b629e71b54b19ee) Importer(2089858483,d624ce77472d68a35037170ec1d2d27e) (ScriptedImporter) -> (artifact id: '922edbdb7993131463cf5e4b8026929c') in 0.0345977 seconds
Number of updated asset objects reloaded before import = 0Number of asset objects unloaded after import = 1

========================================================================
Received Import Request.
  Time since last request: 0.000025 seconds.
  path: Assets/Material/Pistol.mat
  artifactKey: Guid(5179285a7c0270d4e8f8428b3e6e2e53) Importer(2089858483,d624ce77472d68a35037170ec1d2d27e)
Start importing Assets/Material/Pistol.mat using Guid(5179285a7c0270d4e8f8428b3e6e2e53) Importer(2089858483,d624ce77472d68a35037170ec1d2d27e) (ScriptedImporter) -> (artifact id: 'e9997fea50e0420821c6e27cb55d9917') in 0.0813439 seconds
Number of updated asset objects reloaded before import = 0Number of asset objects unloaded after import = 3

========================================================================
Received Import Request.
  Time since last request: 0.000016 seconds.
  path: Assets/_Scene/Debug.unity
  artifactKey: Guid(ee890f7d1c029cf459a0e5865b2a86cd) Importer(2089858483,d624ce77472d68a35037170ec1d2d27e)
Start importing Assets/_Scene/Debug.unity using Guid(ee890f7d1c029cf459a0e5865b2a86cd) Importer(2089858483,d624ce77472d68a35037170ec1d2d27e) (ScriptedImporter) -> (artifact id: 'cda873853732f5e62f0172d8794afacd') in 0.0185206 seconds
Number of updated asset objects reloaded before import = 0Number of asset objects unloaded after import = 1

========================================================================
Received Import Request.
  Time since last request: 0.000019 seconds.
  path: Assets/_Scriptable Object/Ammo/Ammo_MP5.asset
  artifactKey: Guid(cfa922a2daac2e341a46f6ac8c735ce2) Importer(2089858483,d624ce77472d68a35037170ec1d2d27e)
Start importing Assets/_Scriptable Object/Ammo/Ammo_MP5.asset using Guid(cfa922a2daac2e341a46f6ac8c735ce2) Importer(2089858483,d624ce77472d68a35037170ec1d2d27e) (ScriptedImporter) -> (artifact id: '3f79fd9081511680e94ecee1c41977f3') in 0.0328071 seconds
Number of updated asset objects reloaded before import = 0Number of asset objects unloaded after import = 1

========================================================================
Received Import Request.
  Time since last request: 0.000024 seconds.
  path: Assets/Material/Mp5_Mag.mat
  artifactKey: Guid(8eaf47de3559c6a4f9670737808491f2) Importer(2089858483,d624ce77472d68a35037170ec1d2d27e)
Start importing Assets/Material/Mp5_Mag.mat using Guid(8eaf47de3559c6a4f9670737808491f2) Importer(2089858483,d624ce77472d68a35037170ec1d2d27e) (ScriptedImporter) -> (artifact id: 'd31e7ae4752f4056f29488244ff50534') in 0.1030032 seconds
Number of updated asset objects reloaded before import = 0Number of asset objects unloaded after import = 3

========================================================================
Received Import Request.
  Time since last request: 0.000018 seconds.
  path: Assets/TextMesh Pro/Examples & Extras/Resources/Fonts & Materials/Electronic Highway Sign SDF.asset
  artifactKey: Guid(dc36b3fdc14f47ebb36fd484a67e268a) Importer(2089858483,d624ce77472d68a35037170ec1d2d27e)
Start importing Assets/TextMesh Pro/Examples & Extras/Resources/Fonts & Materials/Electronic Highway Sign SDF.asset using Guid(dc36b3fdc14f47ebb36fd484a67e268a) Importer(2089858483,d624ce77472d68a35037170ec1d2d27e) (ScriptedImporter) -> (artifact id: 'b0aecd0e4c282430f53ff53656e111ea') in 0.2518666 seconds
Number of updated asset objects reloaded before import = 0Number of asset objects unloaded after import = 5

========================================================================
Received Import Request.
  Time since last request: 0.000024 seconds.
  path: Assets/Material/Glow_Red.mat
  artifactKey: Guid(bf565b09eda234c40865ce5fb620154d) Importer(2089858483,d624ce77472d68a35037170ec1d2d27e)
Start importing Assets/Material/Glow_Red.mat using Guid(bf565b09eda234c40865ce5fb620154d) Importer(2089858483,d624ce77472d68a35037170ec1d2d27e) (ScriptedImporter) -> (artifact id: '61d001b1e9004b9811b04857c19298f7') in 0.0385757 seconds
Number of updated asset objects reloaded before import = 0Number of asset objects unloaded after import = 1

========================================================================
Received Import Request.
  Time since last request: 0.000026 seconds.
  path: Assets/Prototyping Pack/Resources/Materials/Prototyp_Material_14.mat
  artifactKey: Guid(4f47b69c96e3e06438c10c907f7d4f98) Importer(2089858483,d624ce77472d68a35037170ec1d2d27e)
Start importing Assets/Prototyping Pack/Resources/Materials/Prototyp_Material_14.mat using Guid(4f47b69c96e3e06438c10c907f7d4f98) Importer(2089858483,d624ce77472d68a35037170ec1d2d27e) (ScriptedImporter) -> (artifact id: '5fb53711af73255bfbf26bb99a65fb8a') in 0.0365401 seconds
Number of updated asset objects reloaded before import = 0Number of asset objects unloaded after import = 1

========================================================================
Received Import Request.
  Time since last request: 0.000023 seconds.
  path: Assets/_Script/Singleton
  artifactKey: Guid(29c0f65350d7045488bd72deeb028794) Importer(2089858483,d624ce77472d68a35037170ec1d2d27e)
Start importing Assets/_Script/Singleton using Guid(29c0f65350d7045488bd72deeb028794) Importer(2089858483,d624ce77472d68a35037170ec1d2d27e) (ScriptedImporter) -> (artifact id: '97dd22b577da2ff83cf1a6c3cbbbaaf4') in 0.0127106 seconds
Number of updated asset objects reloaded before import = 0Number of asset objects unloaded after import = 1

========================================================================
Received Import Request.
  Time since last request: 0.000018 seconds.
  path: Assets/Material/Keycard_Yellow.mat
  artifactKey: Guid(42c8a3ad042882c469a7a72ee207bfff) Importer(2089858483,d624ce77472d68a35037170ec1d2d27e)
Start importing Assets/Material/Keycard_Yellow.mat using Guid(42c8a3ad042882c469a7a72ee207bfff) Importer(2089858483,d624ce77472d68a35037170ec1d2d27e) (ScriptedImporter) -> (artifact id: '116a5472b2ff2bbc86d04fcfb4f551a9') in 0.0288721 seconds
Number of updated asset objects reloaded before import = 0Number of asset objects unloaded after import = 2

========================================================================
Received Import Request.
  Time since last request: 0.000026 seconds.
  path: Assets/Material/Bullet.mat
  artifactKey: Guid(0c4ca9ce0434c9641bf04c9bdc1967ed) Importer(2089858483,d624ce77472d68a35037170ec1d2d27e)
Start importing Assets/Material/Bullet.mat using Guid(0c4ca9ce0434c9641bf04c9bdc1967ed) Importer(2089858483,d624ce77472d68a35037170ec1d2d27e) (ScriptedImporter) -> (artifact id: '4e8fdd1cb55a7751a2716a4b554ddb05') in 0.0835169 seconds
Number of updated asset objects reloaded before import = 0Number of asset objects unloaded after import = 3

========================================================================
Received Import Request.
  Time since last request: 0.000018 seconds.
  path: Assets/Material/Office_Carpet.mat
  artifactKey: Guid(7c0e9512d11d75041b72af142a41f336) Importer(2089858483,d624ce77472d68a35037170ec1d2d27e)
Start importing Assets/Material/Office_Carpet.mat using Guid(7c0e9512d11d75041b72af142a41f336) Importer(2089858483,d624ce77472d68a35037170ec1d2d27e) (ScriptedImporter) -> (artifact id: 'f6a0f633c101f7f1f9e42e3fad210abc') in 0.0675736 seconds
Number of updated asset objects reloaded before import = 0Number of asset objects unloaded after import = 2

========================================================================
Received Import Request.
  Time since last request: 0.000025 seconds.
  path: Assets/Material/Galoon.mat
  artifactKey: Guid(460a923dc0808b14b80521ccc03e33d4) Importer(2089858483,d624ce77472d68a35037170ec1d2d27e)
Start importing Assets/Material/Galoon.mat using Guid(460a923dc0808b14b80521ccc03e33d4) Importer(2089858483,d624ce77472d68a35037170ec1d2d27e) (ScriptedImporter) -> (artifact id: '41c0614344bc829fb67aace8869ca217') in 0.1397896 seconds
Number of updated asset objects reloaded before import = 0Number of asset objects unloaded after import = 4

========================================================================
Received Import Request.
  Time since last request: 0.000027 seconds.
  path: Assets/DefaultVolumeProfile.asset
  artifactKey: Guid(791bf03668064214face6181023a1082) Importer(2089858483,d624ce77472d68a35037170ec1d2d27e)
Start importing Assets/DefaultVolumeProfile.asset using Guid(791bf03668064214face6181023a1082) Importer(2089858483,d624ce77472d68a35037170ec1d2d27e) (ScriptedImporter) -> (artifact id: '4a36ee7c92cf846c673beda940323d74') in 0.0132558 seconds
Number of updated asset objects reloaded before import = 0Number of asset objects unloaded after import = 0

========================================================================
Received Import Request.
  Time since last request: 0.000015 seconds.
  path: Assets/_Scene/Office/ReflectionProbe-15.exr
  artifactKey: Guid(8928b656ee6f4fb4eb4662be3ac83d2a) Importer(2089858483,d624ce77472d68a35037170ec1d2d27e)
Start importing Assets/_Scene/Office/ReflectionProbe-15.exr using Guid(8928b656ee6f4fb4eb4662be3ac83d2a) Importer(2089858483,d624ce77472d68a35037170ec1d2d27e) (ScriptedImporter) -> (artifact id: '3a4ec1a0368a565ccdf760fa53a565cb') in 0.1002499 seconds
Number of updated asset objects reloaded before import = 0Number of asset objects unloaded after import = 1

========================================================================
Received Import Request.
  Time since last request: 0.000021 seconds.
  path: Assets/Material/Shelf.mat
  artifactKey: Guid(5f79dadde61151441a1b2f7aba909520) Importer(2089858483,d624ce77472d68a35037170ec1d2d27e)
Start importing Assets/Material/Shelf.mat using Guid(5f79dadde61151441a1b2f7aba909520) Importer(2089858483,d624ce77472d68a35037170ec1d2d27e) (ScriptedImporter) -> (artifact id: '7e7874ee3b09697c9694d65ce16c8998') in 0.0966056 seconds
Number of updated asset objects reloaded before import = 0Number of asset objects unloaded after import = 4

========================================================================
Received Import Request.
  Time since last request: 0.000034 seconds.
  path: Assets/Settings/Low_PipelineAsset_ForwardRenderer.asset
  artifactKey: Guid(1817f534fb9a6e244bf3dbca0e9b8185) Importer(2089858483,d624ce77472d68a35037170ec1d2d27e)
Start importing Assets/Settings/Low_PipelineAsset_ForwardRenderer.asset using Guid(1817f534fb9a6e244bf3dbca0e9b8185) Importer(2089858483,d624ce77472d68a35037170ec1d2d27e) (ScriptedImporter) -> (artifact id: '2e47476649368f791e2e28a3cee4ad29') in 0.0488109 seconds
Number of updated asset objects reloaded before import = 0Number of asset objects unloaded after import = 1

========================================================================
Received Import Request.
  Time since last request: 0.000015 seconds.
  path: Assets/Material/Locker.mat
  artifactKey: Guid(c2e9a098bdad5d243909a1ccfe1512a2) Importer(2089858483,d624ce77472d68a35037170ec1d2d27e)
Start importing Assets/Material/Locker.mat using Guid(c2e9a098bdad5d243909a1ccfe1512a2) Importer(2089858483,d624ce77472d68a35037170ec1d2d27e) (ScriptedImporter) -> (artifact id: '29c4d3134dd30f3321f5bafe529ef481') in 0.0799609 seconds
Number of updated asset objects reloaded before import = 0Number of asset objects unloaded after import = 4

========================================================================
Received Import Request.
  Time since last request: 0.000021 seconds.
  path: Assets/Prototyping Pack/Resources/Materials/Prototyp_Material_2.mat
  artifactKey: Guid(f36bc83af7f442f4bb065c8dff3dda31) Importer(2089858483,d624ce77472d68a35037170ec1d2d27e)
Start importing Assets/Prototyping Pack/Resources/Materials/Prototyp_Material_2.mat using Guid(f36bc83af7f442f4bb065c8dff3dda31) Importer(2089858483,d624ce77472d68a35037170ec1d2d27e) (ScriptedImporter) -> (artifact id: '32f35c53d16323eaac38f6e381cc68aa') in 0.0516015 seconds
Number of updated asset objects reloaded before import = 0Number of asset objects unloaded after import = 2

========================================================================
Received Import Request.
  Time since last request: 0.000034 seconds.
  path: Assets/Material/Bandage.mat
  artifactKey: Guid(a079c6a356427b24e9a887c30d25741a) Importer(2089858483,d624ce77472d68a35037170ec1d2d27e)
Start importing Assets/Material/Bandage.mat using Guid(a079c6a356427b24e9a887c30d25741a) Importer(2089858483,d624ce77472d68a35037170ec1d2d27e) (ScriptedImporter) -> (artifact id: 'e2cc3581e1bc389d5c40f712ca1aee64') in 0.1078007 seconds
Number of updated asset objects reloaded before import = 0Number of asset objects unloaded after import = 4

========================================================================
Received Import Request.
  Time since last request: 0.000024 seconds.
  path: Assets/Settings/Low_PipelineAsset.asset
  artifactKey: Guid(c154914b278770248b627556c721b880) Importer(2089858483,d624ce77472d68a35037170ec1d2d27e)
Start importing Assets/Settings/Low_PipelineAsset.asset using Guid(c154914b278770248b627556c721b880) Importer(2089858483,d624ce77472d68a35037170ec1d2d27e) (ScriptedImporter) -> (artifact id: 'bbb2c595e2e2378b1cdb10c5dca8babc') in 0.1306756 seconds
Number of updated asset objects reloaded before import = 0Number of asset objects unloaded after import = 2

========================================================================
Received Import Request.
  Time since last request: 0.000027 seconds.
  path: Assets/Settings/Medium_PipelineAsset.asset
  artifactKey: Guid(25aa4ff4c0d0b8448b54651c970d0729) Importer(2089858483,d624ce77472d68a35037170ec1d2d27e)
Start importing Assets/Settings/Medium_PipelineAsset.asset using Guid(25aa4ff4c0d0b8448b54651c970d0729) Importer(2089858483,d624ce77472d68a35037170ec1d2d27e) (ScriptedImporter) -> (artifact id: '454f38afdd93f9c219490fd11627e206') in 0.0980747 seconds
Number of updated asset objects reloaded before import = 0Number of asset objects unloaded after import = 2

========================================================================
Received Import Request.
  Time since last request: 0.000024 seconds.
  path: Assets/Settings/Very High_PipelineAsset_ForwardRenderer.asset
  artifactKey: Guid(10be1207a640ea44f94ada9bd3db7269) Importer(2089858483,d624ce77472d68a35037170ec1d2d27e)
Start importing Assets/Settings/Very High_PipelineAsset_ForwardRenderer.asset using Guid(10be1207a640ea44f94ada9bd3db7269) Importer(2089858483,d624ce77472d68a35037170ec1d2d27e) (ScriptedImporter) -> (artifact id: '3c1e3b9084d2788ad0c1caffa4118600') in 0.0385151 seconds
Number of updated asset objects reloaded before import = 0Number of asset objects unloaded after import = 1

========================================================================
Received Import Request.
  Time since last request: 0.000016 seconds.
  path: Assets/TextMesh Pro/Examples & Extras/Resources/Fonts & Materials/Anton SDF.asset
  artifactKey: Guid(8a89fa14b10d46a99122fd4f73fca9a2) Importer(2089858483,d624ce77472d68a35037170ec1d2d27e)
Start importing Assets/TextMesh Pro/Examples & Extras/Resources/Fonts & Materials/Anton SDF.asset using Guid(8a89fa14b10d46a99122fd4f73fca9a2) Importer(2089858483,d624ce77472d68a35037170ec1d2d27e) (ScriptedImporter) -> (artifact id: '8b5654c064a3a22bd9acf7c42f49eb90') in 0.0691758 seconds
Number of updated asset objects reloaded before import = 0Number of asset objects unloaded after import = 5

========================================================================
Received Import Request.
  Time since last request: 0.000023 seconds.
  path: Assets/Material/Pistol_Mag.mat
  artifactKey: Guid(e27213fe84e25f14a8d40d063b77ed56) Importer(2089858483,d624ce77472d68a35037170ec1d2d27e)
Start importing Assets/Material/Pistol_Mag.mat using Guid(e27213fe84e25f14a8d40d063b77ed56) Importer(2089858483,d624ce77472d68a35037170ec1d2d27e) (ScriptedImporter) -> (artifact id: '0c7fc53b730123b7004180475bedfa48') in 0.0666182 seconds
Number of updated asset objects reloaded before import = 0Number of asset objects unloaded after import = 3

========================================================================
Received Import Request.
  Time since last request: 0.000027 seconds.
  path: Assets/Settings/Ultra_PipelineAsset_ForwardRenderer.asset
  artifactKey: Guid(23955eef8af7f4a4abd03200c0fb56b7) Importer(2089858483,d624ce77472d68a35037170ec1d2d27e)
Start importing Assets/Settings/Ultra_PipelineAsset_ForwardRenderer.asset using Guid(23955eef8af7f4a4abd03200c0fb56b7) Importer(2089858483,d624ce77472d68a35037170ec1d2d27e) (ScriptedImporter) -> (artifact id: 'aa3f6fca624f6c20f04174a845ce64b7') in 0.0160527 seconds
Number of updated asset objects reloaded before import = 0Number of asset objects unloaded after import = 1

========================================================================
Received Import Request.
  Time since last request: 0.000016 seconds.
  path: Assets/Settings/Ultra_PipelineAsset.asset
  artifactKey: Guid(9eb788faa097ef845ae76741f6e6e965) Importer(2089858483,d624ce77472d68a35037170ec1d2d27e)
Start importing Assets/Settings/Ultra_PipelineAsset.asset using Guid(9eb788faa097ef845ae76741f6e6e965) Importer(2089858483,d624ce77472d68a35037170ec1d2d27e) (ScriptedImporter) -> (artifact id: '2b4e2cb61ffcc5d5e1b9dec66036cf25') in 0.0263001 seconds
Number of updated asset objects reloaded before import = 0Number of asset objects unloaded after import = 1

========================================================================
Received Import Request.
  Time since last request: 0.000020 seconds.
  path: Assets/_Script/ElevatorPanel.cs
  artifactKey: Guid(86fd6803a3f2b87489674c7cfd2ba040) Importer(2089858483,d624ce77472d68a35037170ec1d2d27e)
Start importing Assets/_Script/ElevatorPanel.cs using Guid(86fd6803a3f2b87489674c7cfd2ba040) Importer(2089858483,d624ce77472d68a35037170ec1d2d27e) (ScriptedImporter) -> (artifact id: '7dfa43327618da2f73dc1433ffb1e875') in 0.0213671 seconds
Number of updated asset objects reloaded before import = 0Number of asset objects unloaded after import = 0

========================================================================
Received Import Request.
  Time since last request: 0.000023 seconds.
  path: Assets/Prototyping Pack/Resources/Materials/Prototyp_Material_4.mat
  artifactKey: Guid(3e9b40bb243ad504dbf2adbd0918b9f5) Importer(2089858483,d624ce77472d68a35037170ec1d2d27e)
Start importing Assets/Prototyping Pack/Resources/Materials/Prototyp_Material_4.mat using Guid(3e9b40bb243ad504dbf2adbd0918b9f5) Importer(2089858483,d624ce77472d68a35037170ec1d2d27e) (ScriptedImporter) -> (artifact id: 'f08d31a9deb490b26e47cede426d20a0') in 0.0413417 seconds
Number of updated asset objects reloaded before import = 0Number of asset objects unloaded after import = 2

========================================================================
Received Import Request.
  Time since last request: 0.000053 seconds.
  path: Assets/TextMesh Pro/Examples & Extras/Scenes/08 - Improved Text AlignmentSettings.lighting
  artifactKey: Guid(c1c80cadae5d33d4c915e638ba87483c) Importer(2089858483,d624ce77472d68a35037170ec1d2d27e)
Start importing Assets/TextMesh Pro/Examples & Extras/Scenes/08 - Improved Text AlignmentSettings.lighting using Guid(c1c80cadae5d33d4c915e638ba87483c) Importer(2089858483,d624ce77472d68a35037170ec1d2d27e) (ScriptedImporter)LightingSettings: switching bake backend from 2 to 1.
 -> (artifact id: '3b4e009e5f35756d913708a998b9a881') in 0.0961265 seconds
Number of updated asset objects reloaded before import = 0Number of asset objects unloaded after import = 1

========================================================================
Received Import Request.
  Time since last request: 0.000016 seconds.
  path: Assets/TextMesh Pro/Examples & Extras/Scenes/01-  Single Line TextMesh Pro.unity
  artifactKey: Guid(2ac8cf212df6445e8aebbe3cb832e993) Importer(2089858483,d624ce77472d68a35037170ec1d2d27e)
Start importing Assets/TextMesh Pro/Examples & Extras/Scenes/01-  Single Line TextMesh Pro.unity using Guid(2ac8cf212df6445e8aebbe3cb832e993) Importer(2089858483,d624ce77472d68a35037170ec1d2d27e) (ScriptedImporter) -> (artifact id: '384fa331621e547571aae9d763a094dd') in 0.0166851 seconds
Number of updated asset objects reloaded before import = 0Number of asset objects unloaded after import = 1

========================================================================
Received Import Request.
  Time since last request: 0.000024 seconds.
  path: Assets/Material/OfficeCeiling.mat
  artifactKey: Guid(f95a31d6e132c3d418abac4e6e6bd571) Importer(2089858483,d624ce77472d68a35037170ec1d2d27e)
Start importing Assets/Material/OfficeCeiling.mat using Guid(f95a31d6e132c3d418abac4e6e6bd571) Importer(2089858483,d624ce77472d68a35037170ec1d2d27e) (ScriptedImporter) -> (artifact id: 'b81a3b225903ab23380cb76a5c85c6ba') in 0.194914 seconds
Number of updated asset objects reloaded before import = 0Number of asset objects unloaded after import = 5

========================================================================
Received Import Request.
  Time since last request: 0.000025 seconds.
  path: Assets/TextMesh Pro/Examples & Extras/Scenes/10 - Bullets & Numbered List ExampleSettings.lighting
  artifactKey: Guid(ede5df7babf088844a989f29dc172547) Importer(2089858483,d624ce77472d68a35037170ec1d2d27e)
Start importing Assets/TextMesh Pro/Examples & Extras/Scenes/10 - Bullets & Numbered List ExampleSettings.lighting using Guid(ede5df7babf088844a989f29dc172547) Importer(2089858483,d624ce77472d68a35037170ec1d2d27e) (ScriptedImporter)LightingSettings: switching bake backend from 2 to 1.
 -> (artifact id: '66f77938d82396a85918ae6b776695f9') in 0.0443384 seconds
Number of updated asset objects reloaded before import = 0Number of asset objects unloaded after import = 1

========================================================================
Received Import Request.
  Time since last request: 0.000015 seconds.
  path: Assets/TextMesh Pro/Examples & Extras/Scenes/10 - Bullets & Numbered List Example.unity
  artifactKey: Guid(c3f814e1d12c45568daf3dd9a86a0e61) Importer(2089858483,d624ce77472d68a35037170ec1d2d27e)
Start importing Assets/TextMesh Pro/Examples & Extras/Scenes/10 - Bullets & Numbered List Example.unity using Guid(c3f814e1d12c45568daf3dd9a86a0e61) Importer(2089858483,d624ce77472d68a35037170ec1d2d27e) (ScriptedImporter) -> (artifact id: '2c62c65cea5eed9934928a316effb26f') in 0.0131959 seconds
Number of updated asset objects reloaded before import = 0Number of asset objects unloaded after import = 1

========================================================================
Received Import Request.
  Time since last request: 0.000018 seconds.
  path: Assets/_Scene/Level/ReflectionProbe-3.exr
  artifactKey: Guid(f22b4df8a9abc124bb10c989d2be3c04) Importer(2089858483,d624ce77472d68a35037170ec1d2d27e)
Start importing Assets/_Scene/Level/ReflectionProbe-3.exr using Guid(f22b4df8a9abc124bb10c989d2be3c04) Importer(2089858483,d624ce77472d68a35037170ec1d2d27e) (ScriptedImporter) -> (artifact id: '0cc5424f900e11c81fd65d7ffecf0801') in 0.3314132 seconds
Number of updated asset objects reloaded before import = 0Number of asset objects unloaded after import = 1

========================================================================
Received Import Request.
  Time since last request: 0.000026 seconds.
  path: Assets/TextMesh Pro/Examples & Extras/Scenes/16 - Linked text overflow mode exampleSettings.lighting
  artifactKey: Guid(ac302fd5967c44747b98e1488669c9f3) Importer(2089858483,d624ce77472d68a35037170ec1d2d27e)
Start importing Assets/TextMesh Pro/Examples & Extras/Scenes/16 - Linked text overflow mode exampleSettings.lighting using Guid(ac302fd5967c44747b98e1488669c9f3) Importer(2089858483,d624ce77472d68a35037170ec1d2d27e) (ScriptedImporter)LightingSettings: switching bake backend from 2 to 1.
 -> (artifact id: '5439a8d8d7efe3bbbc2547891f35213c') in 0.0527821 seconds
Number of updated asset objects reloaded before import = 0Number of asset objects unloaded after import = 1

========================================================================
Received Import Request.
  Time since last request: 0.000016 seconds.
  path: Assets/Prototyping Pack/Resources/Materials/Prototyp_Material_12.mat
  artifactKey: Guid(f8cb53fbbb5462f4c90c7685910028f1) Importer(2089858483,d624ce77472d68a35037170ec1d2d27e)
Start importing Assets/Prototyping Pack/Resources/Materials/Prototyp_Material_12.mat using Guid(f8cb53fbbb5462f4c90c7685910028f1) Importer(2089858483,d624ce77472d68a35037170ec1d2d27e) (ScriptedImporter) -> (artifact id: '4a80c4f52893a71129db57cb55ef6d13') in 0.1338243 seconds
Number of updated asset objects reloaded before import = 0Number of asset objects unloaded after import = 2

========================================================================
Received Import Request.
  Time since last request: 0.000033 seconds.
  path: Assets/_Script/Sound.cs
  artifactKey: Guid(a5d82c39672f771438a403c84eb88a1f) Importer(2089858483,d624ce77472d68a35037170ec1d2d27e)
Start importing Assets/_Script/Sound.cs using Guid(a5d82c39672f771438a403c84eb88a1f) Importer(2089858483,d624ce77472d68a35037170ec1d2d27e) (ScriptedImporter) -> (artifact id: 'b0ca5ba7996bc6000a700b8f6eede681') in 0.011692 seconds
Number of updated asset objects reloaded before import = 0Number of asset objects unloaded after import = 0

========================================================================
Received Import Request.
  Time since last request: 0.000024 seconds.
  path: Assets/_Script/UI_Ammo.cs
  artifactKey: Guid(6854e5d5849a6e946a0aca3b461b4637) Importer(2089858483,d624ce77472d68a35037170ec1d2d27e)
Start importing Assets/_Script/UI_Ammo.cs using Guid(6854e5d5849a6e946a0aca3b461b4637) Importer(2089858483,d624ce77472d68a35037170ec1d2d27e) (ScriptedImporter) -> (artifact id: '13f769e8c706b9ab5afaba5b99d024c0') in 0.0308409 seconds
Number of updated asset objects reloaded before import = 0Number of asset objects unloaded after import = 0

========================================================================
Received Import Request.
  Time since last request: 0.000016 seconds.
  path: Assets/_Scriptable Object/Weapon/Pistol.asset
  artifactKey: Guid(ed656ae13e6643b4a868c56b4fad80bf) Importer(2089858483,d624ce77472d68a35037170ec1d2d27e)
Start importing Assets/_Scriptable Object/Weapon/Pistol.asset using Guid(ed656ae13e6643b4a868c56b4fad80bf) Importer(2089858483,d624ce77472d68a35037170ec1d2d27e) (ScriptedImporter) -> (artifact id: 'e7c5ff3c1cd9c65cec40db96276553b8') in 0.1134376 seconds
Number of updated asset objects reloaded before import = 0Number of asset objects unloaded after import = 21

========================================================================
Received Import Request.
  Time since last request: 0.000020 seconds.
  path: Assets/_Prefab/Particle/MF_Pistol.prefab
  artifactKey: Guid(be85a34377cf8d241a2ac441893a7ee6) Importer(2089858483,d624ce77472d68a35037170ec1d2d27e)
Start importing Assets/_Prefab/Particle/MF_Pistol.prefab using Guid(be85a34377cf8d241a2ac441893a7ee6) Importer(2089858483,d624ce77472d68a35037170ec1d2d27e) (ScriptedImporter) -> (artifact id: 'c0e7048a935ad323c9043fe2295eba2e') in 0.1471721 seconds
Number of updated asset objects reloaded before import = 0Number of asset objects unloaded after import = 9

========================================================================
Received Import Request.
  Time since last request: 0.000029 seconds.
  path: Assets/TextMesh Pro/Examples & Extras/Scenes/09 - Margin Tag Example.unity
  artifactKey: Guid(349f38d3606449708c7340d26740e1e2) Importer(2089858483,d624ce77472d68a35037170ec1d2d27e)
Start importing Assets/TextMesh Pro/Examples & Extras/Scenes/09 - Margin Tag Example.unity using Guid(349f38d3606449708c7340d26740e1e2) Importer(2089858483,d624ce77472d68a35037170ec1d2d27e) (ScriptedImporter) -> (artifact id: '80ca136c516140a7a602f739c0c71172') in 0.0149077 seconds
Number of updated asset objects reloaded before import = 0Number of asset objects unloaded after import = 1

========================================================================
Received Import Request.
  Time since last request: 0.000014 seconds.
  path: Assets/Prototyping Pack/Resources/Materials/Prototyp_Material_8.mat
  artifactKey: Guid(639bdae38663ce249835e384c15d06d3) Importer(2089858483,d624ce77472d68a35037170ec1d2d27e)
Start importing Assets/Prototyping Pack/Resources/Materials/Prototyp_Material_8.mat using Guid(639bdae38663ce249835e384c15d06d3) Importer(2089858483,d624ce77472d68a35037170ec1d2d27e) (ScriptedImporter) -> (artifact id: 'f74f8e0cbf788d7fa980a90e2a0f5c1c') in 0.0607666 seconds
Number of updated asset objects reloaded before import = 0Number of asset objects unloaded after import = 2

========================================================================
Received Import Request.
  Time since last request: 0.000018 seconds.
  path: Assets/Material/Keycard_Green.mat
  artifactKey: Guid(57aba91468ba7414bbc2dd4e4f7f48dc) Importer(2089858483,d624ce77472d68a35037170ec1d2d27e)
Start importing Assets/Material/Keycard_Green.mat using Guid(57aba91468ba7414bbc2dd4e4f7f48dc) Importer(2089858483,d624ce77472d68a35037170ec1d2d27e) (ScriptedImporter) -> (artifact id: '4477d2cb61bb6b3a889c68e84e3d809d') in 0.0557922 seconds
Number of updated asset objects reloaded before import = 0Number of asset objects unloaded after import = 2

========================================================================
Received Import Request.
  Time since last request: 0.000029 seconds.
  path: Assets/_Scene/Level/ReflectionProbe-7.exr
  artifactKey: Guid(ed40c93d7bef32b48a82623656def101) Importer(2089858483,d624ce77472d68a35037170ec1d2d27e)
Start importing Assets/_Scene/Level/ReflectionProbe-7.exr using Guid(ed40c93d7bef32b48a82623656def101) Importer(2089858483,d624ce77472d68a35037170ec1d2d27e) (ScriptedImporter) -> (artifact id: 'd6c1c8b0f4c84f571cac317e647d7ee2') in 0.0565642 seconds
Number of updated asset objects reloaded before import = 0Number of asset objects unloaded after import = 1

========================================================================
Received Import Request.
  Time since last request: 0.000018 seconds.
  path: Assets/_Scene/Level/ReflectionProbe-2.exr
  artifactKey: Guid(0859b9d5c21264c4fa42408bda3a8928) Importer(2089858483,d624ce77472d68a35037170ec1d2d27e)
Start importing Assets/_Scene/Level/ReflectionProbe-2.exr using Guid(0859b9d5c21264c4fa42408bda3a8928) Importer(2089858483,d624ce77472d68a35037170ec1d2d27e) (ScriptedImporter) -> (artifact id: 'bd5bc3647616399a3de8bf20db1397f5') in 0.5721576 seconds
Number of updated asset objects reloaded before import = 0Number of asset objects unloaded after import = 1

========================================================================
Received Import Request.
  Time since last request: 0.000019 seconds.
  path: Assets/_Scene/MainMenu.unity
  artifactKey: Guid(e9e5ec257d759a3429c90053ac948b36) Importer(2089858483,d624ce77472d68a35037170ec1d2d27e)
Start importing Assets/_Scene/MainMenu.unity using Guid(e9e5ec257d759a3429c90053ac948b36) Importer(2089858483,d624ce77472d68a35037170ec1d2d27e) (ScriptedImporter) -> (artifact id: '5daad0646696af8936edb78b18b74241') in 0.0484565 seconds
Number of updated asset objects reloaded before import = 0Number of asset objects unloaded after import = 1

========================================================================
Received Import Request.
  Time since last request: 0.000026 seconds.
  path: Assets/Prototyping Pack/Resources/Materials/Prototyp_Material_5.mat
  artifactKey: Guid(08ae2008da04f244694203a3d1bc1c69) Importer(2089858483,d624ce77472d68a35037170ec1d2d27e)
Start importing Assets/Prototyping Pack/Resources/Materials/Prototyp_Material_5.mat using Guid(08ae2008da04f244694203a3d1bc1c69) Importer(2089858483,d624ce77472d68a35037170ec1d2d27e) (ScriptedImporter) -> (artifact id: '988f3b91e1c3f9f3c59d6ccc167d0ec6') in 0.0783863 seconds
Number of updated asset objects reloaded before import = 0Number of asset objects unloaded after import = 2

========================================================================
Received Import Request.
  Time since last request: 0.000027 seconds.
  path: Assets/_Script/Item/Weapon.cs
  artifactKey: Guid(f7c124549f987ce449fa088a7acf2fc3) Importer(2089858483,d624ce77472d68a35037170ec1d2d27e)
Start importing Assets/_Script/Item/Weapon.cs using Guid(f7c124549f987ce449fa088a7acf2fc3) Importer(2089858483,d624ce77472d68a35037170ec1d2d27e) (ScriptedImporter) -> (artifact id: '738c89b722b588a1af2270ad535a36d6') in 0.0179078 seconds
Number of updated asset objects reloaded before import = 0Number of asset objects unloaded after import = 0

========================================================================
Received Import Request.
  Time since last request: 0.000022 seconds.
  path: Assets/_Prefab/Particle/Blood.prefab
  artifactKey: Guid(3a5dae8569d4f374e8c66e8fef3d1f31) Importer(2089858483,d624ce77472d68a35037170ec1d2d27e)
Start importing Assets/_Prefab/Particle/Blood.prefab using Guid(3a5dae8569d4f374e8c66e8fef3d1f31) Importer(2089858483,d624ce77472d68a35037170ec1d2d27e) (ScriptedImporter) -> (artifact id: '5ba859c6e9018575ea26a552a941a42e') in 0.0749933 seconds
Number of updated asset objects reloaded before import = 0Number of asset objects unloaded after import = 6

========================================================================
Received Import Request.
  Time since last request: 0.000030 seconds.
  path: Assets/TextMesh Pro/Examples & Extras/Scenes/06 - Extra Rich Text ExamplesSettings.lighting
  artifactKey: Guid(82459bc4495fbc048b2e96c2be971950) Importer(2089858483,d624ce77472d68a35037170ec1d2d27e)
Start importing Assets/TextMesh Pro/Examples & Extras/Scenes/06 - Extra Rich Text ExamplesSettings.lighting using Guid(82459bc4495fbc048b2e96c2be971950) Importer(2089858483,d624ce77472d68a35037170ec1d2d27e) (ScriptedImporter)LightingSettings: switching bake backend from 2 to 1.
 -> (artifact id: '9ef88fa613b57c94cdee183664de803c') in 0.0362696 seconds
Number of updated asset objects reloaded before import = 0Number of asset objects unloaded after import = 1

========================================================================
Received Import Request.
  Time since last request: 0.000017 seconds.
  path: Assets/TextMesh Pro/Examples & Extras/Scenes/06 - Extra Rich Text Examples.unity
  artifactKey: Guid(39a1fa96ad2a449b908fca29d4297a74) Importer(2089858483,d624ce77472d68a35037170ec1d2d27e)
Start importing Assets/TextMesh Pro/Examples & Extras/Scenes/06 - Extra Rich Text Examples.unity using Guid(39a1fa96ad2a449b908fca29d4297a74) Importer(2089858483,d624ce77472d68a35037170ec1d2d27e) (ScriptedImporter) -> (artifact id: 'ae230502eac87231840d47b9da2c9a96') in 0.074018 seconds
Number of updated asset objects reloaded before import = 0Number of asset objects unloaded after import = 1

========================================================================
Received Import Request.
  Time since last request: 0.000018 seconds.
  path: Assets/Material/Glow_Green.mat
  artifactKey: Guid(c50971cc90406414eb3c67ccd5727bbd) Importer(2089858483,d624ce77472d68a35037170ec1d2d27e)
Start importing Assets/Material/Glow_Green.mat using Guid(c50971cc90406414eb3c67ccd5727bbd) Importer(2089858483,d624ce77472d68a35037170ec1d2d27e) (ScriptedImporter) -> (artifact id: 'd16c3d5b7e2b72642c30d1473bbfec0f') in 0.0402628 seconds
Number of updated asset objects reloaded before import = 0Number of asset objects unloaded after import = 1

========================================================================
Received Import Request.
  Time since last request: 0.000024 seconds.
  path: Assets/_Prefab/UI/UI_CrossHair_Cross.prefab
  artifactKey: Guid(2a87bf875f250674fbc09daad9bcc8e3) Importer(2089858483,d624ce77472d68a35037170ec1d2d27e)
Start importing Assets/_Prefab/UI/UI_CrossHair_Cross.prefab using Guid(2a87bf875f250674fbc09daad9bcc8e3) Importer(2089858483,d624ce77472d68a35037170ec1d2d27e) (ScriptedImporter) -> (artifact id: '78ca7dac82d45945b269024b1841d465') in 0.0453026 seconds
Number of updated asset objects reloaded before import = 0Number of asset objects unloaded after import = 20

========================================================================
Received Import Request.
  Time since last request: 0.000015 seconds.
  path: Assets/Material/Danger_Tape.mat
  artifactKey: Guid(42a2eeeaa140c8945b79605d808d2a82) Importer(2089858483,d624ce77472d68a35037170ec1d2d27e)
Start importing Assets/Material/Danger_Tape.mat using Guid(42a2eeeaa140c8945b79605d808d2a82) Importer(2089858483,d624ce77472d68a35037170ec1d2d27e) (ScriptedImporter) -> (artifact id: 'e3120ced52b23bc1e857b2436d14cac3') in 0.0597319 seconds
Number of updated asset objects reloaded before import = 0Number of asset objects unloaded after import = 2

========================================================================
Received Import Request.
  Time since last request: 0.000020 seconds.
  path: Assets/Material/Mouse.mat
  artifactKey: Guid(781fb0cf5c6c6ee45924536ac1779a7d) Importer(2089858483,d624ce77472d68a35037170ec1d2d27e)
Start importing Assets/Material/Mouse.mat using Guid(781fb0cf5c6c6ee45924536ac1779a7d) Importer(2089858483,d624ce77472d68a35037170ec1d2d27e) (ScriptedImporter) -> (artifact id: '2bb998ccc3e0cb16bd4112e609668b81') in 0.0711974 seconds
Number of updated asset objects reloaded before import = 0Number of asset objects unloaded after import = 2

========================================================================
Received Import Request.
  Time since last request: 0.000027 seconds.
  path: Assets/TextMesh Pro/Examples & Extras/Scenes/14 - Multi Font & Sprites.unity
  artifactKey: Guid(22a2fba786ad4c40ac0ba09f0b933100) Importer(2089858483,d624ce77472d68a35037170ec1d2d27e)
Start importing Assets/TextMesh Pro/Examples & Extras/Scenes/14 - Multi Font & Sprites.unity using Guid(22a2fba786ad4c40ac0ba09f0b933100) Importer(2089858483,d624ce77472d68a35037170ec1d2d27e) (ScriptedImporter) -> (artifact id: '69ed84d2b4180c2b55d07d276b9acf23') in 0.0148372 seconds
Number of updated asset objects reloaded before import = 0Number of asset objects unloaded after import = 1

========================================================================
Received Import Request.
  Time since last request: 0.000018 seconds.
  path: Assets/_Scene/Level/ReflectionProbe-10.exr
  artifactKey: Guid(eb854b2fc479b29449f30f2032598a88) Importer(2089858483,d624ce77472d68a35037170ec1d2d27e)
Start importing Assets/_Scene/Level/ReflectionProbe-10.exr using Guid(eb854b2fc479b29449f30f2032598a88) Importer(2089858483,d624ce77472d68a35037170ec1d2d27e) (ScriptedImporter) -> (artifact id: '84c6f1b765cee47b4f6c4202c931665c') in 0.0570098 seconds
Number of updated asset objects reloaded before import = 0Number of asset objects unloaded after import = 1

========================================================================
Received Import Request.
  Time since last request: 0.000017 seconds.
  path: Assets/Material/Door_Dark_Grey.mat
  artifactKey: Guid(55355d360c0a4ee44a9e8870806da1f0) Importer(2089858483,d624ce77472d68a35037170ec1d2d27e)
Start importing Assets/Material/Door_Dark_Grey.mat using Guid(55355d360c0a4ee44a9e8870806da1f0) Importer(2089858483,d624ce77472d68a35037170ec1d2d27e) (ScriptedImporter) -> (artifact id: '20882555a2cf8d0e194b70edbc7d3c00') in 0.1124804 seconds
Number of updated asset objects reloaded before import = 0Number of asset objects unloaded after import = 2

========================================================================
Received Import Request.
  Time since last request: 0.000025 seconds.
  path: Assets/_Prefab/Item/Consumable/Bandage.prefab
  artifactKey: Guid(03e16546f9a234345bc8e764f6e7ff45) Importer(2089858483,d624ce77472d68a35037170ec1d2d27e)
Start importing Assets/_Prefab/Item/Consumable/Bandage.prefab using Guid(03e16546f9a234345bc8e764f6e7ff45) Importer(2089858483,d624ce77472d68a35037170ec1d2d27e) (ScriptedImporter) -> (artifact id: '0d7a5c4f53e6bb78a7e6b3c88a92a565') in 0.0671112 seconds
Number of updated asset objects reloaded before import = 0Number of asset objects unloaded after import = 11

========================================================================
Received Import Request.
  Time since last request: 0.000016 seconds.
  path: Assets/Material/Red.mat
  artifactKey: Guid(f06e13400eebb7e4c84f0acefa68ac11) Importer(2089858483,d624ce77472d68a35037170ec1d2d27e)
Start importing Assets/Material/Red.mat using Guid(f06e13400eebb7e4c84f0acefa68ac11) Importer(2089858483,d624ce77472d68a35037170ec1d2d27e) (ScriptedImporter) -> (artifact id: '65190bb84fa6aeea87430e1dbe02910b') in 0.0355965 seconds
Number of updated asset objects reloaded before import = 0Number of asset objects unloaded after import = 1

========================================================================
Received Import Request.
  Time since last request: 0.000020 seconds.
  path: Assets/Material/Keycard_Blue.mat
  artifactKey: Guid(26de6778c14ddfd4dbdd5a975bb112da) Importer(2089858483,d624ce77472d68a35037170ec1d2d27e)
Start importing Assets/Material/Keycard_Blue.mat using Guid(26de6778c14ddfd4dbdd5a975bb112da) Importer(2089858483,d624ce77472d68a35037170ec1d2d27e) (ScriptedImporter) -> (artifact id: '7a418cb2358788bda3c0e05508593485') in 0.0371688 seconds
Number of updated asset objects reloaded before import = 0Number of asset objects unloaded after import = 2

========================================================================
Received Import Request.
  Time since last request: 0.000025 seconds.
  path: Assets/TextMesh Pro/Examples & Extras/Scenes/17 - Old Computer TerminalSettings.lighting
  artifactKey: Guid(5f68fe9e3aa22fa4f8a94a0f32a78f44) Importer(2089858483,d624ce77472d68a35037170ec1d2d27e)
Start importing Assets/TextMesh Pro/Examples & Extras/Scenes/17 - Old Computer TerminalSettings.lighting using Guid(5f68fe9e3aa22fa4f8a94a0f32a78f44) Importer(2089858483,d624ce77472d68a35037170ec1d2d27e) (ScriptedImporter)LightingSettings: switching bake backend from 2 to 1.
 -> (artifact id: '9d8214ed1045d37c0e00d447000a35ab') in 0.0432457 seconds
Number of updated asset objects reloaded before import = 0Number of asset objects unloaded after import = 1

========================================================================
Received Import Request.
  Time since last request: 0.000016 seconds.
  path: Assets/_Script/Interact
  artifactKey: Guid(f0a0f3c8296083c4aa4e9c4310b0b11a) Importer(2089858483,d624ce77472d68a35037170ec1d2d27e)
Start importing Assets/_Script/Interact using Guid(f0a0f3c8296083c4aa4e9c4310b0b11a) Importer(2089858483,d624ce77472d68a35037170ec1d2d27e) (ScriptedImporter) -> (artifact id: '655cb5c837de43349795cf9e4fd33270') in 0.0119068 seconds
Number of updated asset objects reloaded before import = 0Number of asset objects unloaded after import = 1

========================================================================
Received Import Request.
  Time since last request: 0.000020 seconds.
  path: Assets/_Prefab/UI/UI_Text.prefab
  artifactKey: Guid(e4f2b85d33aa29b4f87a1b3f83c2257f) Importer(2089858483,d624ce77472d68a35037170ec1d2d27e)
Start importing Assets/_Prefab/UI/UI_Text.prefab using Guid(e4f2b85d33aa29b4f87a1b3f83c2257f) Importer(2089858483,d624ce77472d68a35037170ec1d2d27e) (ScriptedImporter) -> (artifact id: '797ce3958c2054b18ff4e76b730ab5ec') in 0.0946245 seconds
Number of updated asset objects reloaded before import = 0Number of asset objects unloaded after import = 11

========================================================================
Received Import Request.
  Time since last request: 0.000027 seconds.
  path: Assets/TextMesh Pro/Examples & Extras/Scenes/12 - Link Example.unity
  artifactKey: Guid(9747140c28254be2adc582210dfb89b8) Importer(2089858483,d624ce77472d68a35037170ec1d2d27e)
Start importing Assets/TextMesh Pro/Examples & Extras/Scenes/12 - Link Example.unity using Guid(9747140c28254be2adc582210dfb89b8) Importer(2089858483,d624ce77472d68a35037170ec1d2d27e) (ScriptedImporter) -> (artifact id: '3d13696bdb5e284ee582e26d93ff4175') in 0.0147215 seconds
Number of updated asset objects reloaded before import = 0Number of asset objects unloaded after import = 1

========================================================================
Received Import Request.
  Time since last request: 0.000015 seconds.
  path: Assets/_Scene/Level/ReflectionProbe-11.exr
  artifactKey: Guid(ba8ba52a9ebe8124197cccd157af0937) Importer(2089858483,d624ce77472d68a35037170ec1d2d27e)
Start importing Assets/_Scene/Level/ReflectionProbe-11.exr using Guid(ba8ba52a9ebe8124197cccd157af0937) Importer(2089858483,d624ce77472d68a35037170ec1d2d27e) (ScriptedImporter) -> (artifact id: '544d15e7847c07890825f3697c109f37') in 0.031194 seconds
Number of updated asset objects reloaded before import = 0Number of asset objects unloaded after import = 1

========================================================================
Received Import Request.
  Time since last request: 0.000018 seconds.
  path: Assets/_Script/WeaponAnimationManager.cs
  artifactKey: Guid(400cbb11d7734e641a586ecdf24d4b8e) Importer(2089858483,d624ce77472d68a35037170ec1d2d27e)
Start importing Assets/_Script/WeaponAnimationManager.cs using Guid(400cbb11d7734e641a586ecdf24d4b8e) Importer(2089858483,d624ce77472d68a35037170ec1d2d27e) (ScriptedImporter) -> (artifact id: '81e81e2ae3433f2b20647552aa7b47f8') in 0.0137853 seconds
Number of updated asset objects reloaded before import = 0Number of asset objects unloaded after import = 0

========================================================================
Received Import Request.
  Time since last request: 0.000034 seconds.
  path: Assets/_Script/Interact/IInteractable.cs
  artifactKey: Guid(db5203a97717f024e884078b425d19b9) Importer(2089858483,d624ce77472d68a35037170ec1d2d27e)
Start importing Assets/_Script/Interact/IInteractable.cs using Guid(db5203a97717f024e884078b425d19b9) Importer(2089858483,d624ce77472d68a35037170ec1d2d27e) (ScriptedImporter) -> (artifact id: '7b4352c76b353be4929da5e8b36954fe') in 0.0117844 seconds
Number of updated asset objects reloaded before import = 0Number of asset objects unloaded after import = 0

========================================================================
Received Import Request.
  Time since last request: 0.000015 seconds.
  path: Assets/Settings/Very High_PipelineAsset.asset
  artifactKey: Guid(48606287240e1fa4d81cc42d0ae6bfe0) Importer(2089858483,d624ce77472d68a35037170ec1d2d27e)
Start importing Assets/Settings/Very High_PipelineAsset.asset using Guid(48606287240e1fa4d81cc42d0ae6bfe0) Importer(2089858483,d624ce77472d68a35037170ec1d2d27e) (ScriptedImporter) -> (artifact id: '7f36924b6e23cdffa51e31700bf51848') in 0.2240595 seconds
Number of updated asset objects reloaded before import = 0Number of asset objects unloaded after import = 2

========================================================================
Received Import Request.
  Time since last request: 0.000019 seconds.
  path: Assets/_Prefab/UI/UI_Fade.prefab
  artifactKey: Guid(ec514f9dd45a7ca458d69375e27b6284) Importer(2089858483,d624ce77472d68a35037170ec1d2d27e)
Start importing Assets/_Prefab/UI/UI_Fade.prefab using Guid(ec514f9dd45a7ca458d69375e27b6284) Importer(2089858483,d624ce77472d68a35037170ec1d2d27e) (ScriptedImporter) -> (artifact id: '332c7ed6ef7512b10d75e9b7a442a373') in 0.045472 seconds
Number of updated asset objects reloaded before import = 0Number of asset objects unloaded after import = 12

========================================================================
Received Import Request.
  Time since last request: 0.000027 seconds.
  path: Assets/Prototyping Pack/Resources/Materials/Prototyp_Material_15.mat
  artifactKey: Guid(dd594aa7b65105b4f830bddd556f66fa) Importer(2089858483,d624ce77472d68a35037170ec1d2d27e)
Start importing Assets/Prototyping Pack/Resources/Materials/Prototyp_Material_15.mat using Guid(dd594aa7b65105b4f830bddd556f66fa) Importer(2089858483,d624ce77472d68a35037170ec1d2d27e) (ScriptedImporter) -> (artifact id: '2c62843b767e85636d0ea9eab7683e08') in 0.032211 seconds
Number of updated asset objects reloaded before import = 0Number of asset objects unloaded after import = 1

========================================================================
Received Import Request.
  Time since last request: 0.000017 seconds.
  path: Assets/TextMesh Pro/Examples & Extras/Scenes/11 - The Style Tag.unity
  artifactKey: Guid(84ed36ad77dd4956b2ffe3769f759879) Importer(2089858483,d624ce77472d68a35037170ec1d2d27e)
Start importing Assets/TextMesh Pro/Examples & Extras/Scenes/11 - The Style Tag.unity using Guid(84ed36ad77dd4956b2ffe3769f759879) Importer(2089858483,d624ce77472d68a35037170ec1d2d27e) (ScriptedImporter) -> (artifact id: '0d46b2b04686b201c4c276df0943158d') in 0.0199511 seconds
Number of updated asset objects reloaded before import = 0Number of asset objects unloaded after import = 1

========================================================================
Received Import Request.
  Time since last request: 0.000020 seconds.
  path: Assets/TextMesh Pro/Examples & Extras/Scenes/19 - Masking Texture & Soft MaskSettings.lighting
  artifactKey: Guid(bbe307de0777eb3468bacfbb95cc27bd) Importer(2089858483,d624ce77472d68a35037170ec1d2d27e)
Start importing Assets/TextMesh Pro/Examples & Extras/Scenes/19 - Masking Texture & Soft MaskSettings.lighting using Guid(bbe307de0777eb3468bacfbb95cc27bd) Importer(2089858483,d624ce77472d68a35037170ec1d2d27e) (ScriptedImporter)LightingSettings: switching bake backend from 2 to 1.
 -> (artifact id: '9c524c74faa82c9253bf79af9cae54cc') in 0.0363612 seconds
Number of updated asset objects reloaded before import = 0Number of asset objects unloaded after import = 1

========================================================================
Received Import Request.
  Time since last request: 0.000024 seconds.
  path: Assets/Prototyping Pack/Resources/Materials/Prototyp_Material_3.mat
  artifactKey: Guid(420df58d3076a034094d7f2662b5b1de) Importer(2089858483,d624ce77472d68a35037170ec1d2d27e)
Start importing Assets/Prototyping Pack/Resources/Materials/Prototyp_Material_3.mat using Guid(420df58d3076a034094d7f2662b5b1de) Importer(2089858483,d624ce77472d68a35037170ec1d2d27e) (ScriptedImporter) -> (artifact id: 'b3d0e530a899470893e25f5697e5cb82') in 0.0617298 seconds
Number of updated asset objects reloaded before import = 0Number of asset objects unloaded after import = 2

========================================================================
Received Import Request.
  Time since last request: 0.000019 seconds.
  path: Assets/TextMesh Pro/Examples & Extras/Scenes/03 - Line Justification.unity
  artifactKey: Guid(21a509e1d3cd49978623fa564adb6f02) Importer(2089858483,d624ce77472d68a35037170ec1d2d27e)
Start importing Assets/TextMesh Pro/Examples & Extras/Scenes/03 - Line Justification.unity using Guid(21a509e1d3cd49978623fa564adb6f02) Importer(2089858483,d624ce77472d68a35037170ec1d2d27e) (ScriptedImporter) -> (artifact id: 'c41437cfac2a1de9ba657cb8474eef49') in 0.0165109 seconds
Number of updated asset objects reloaded before import = 0Number of asset objects unloaded after import = 1

========================================================================
Received Import Request.
  Time since last request: 0.000019 seconds.
  path: Assets/Settings/Very Low_PipelineAsset.asset
  artifactKey: Guid(351f7fcfab46f3f4181c2a3b046cd2e8) Importer(2089858483,d624ce77472d68a35037170ec1d2d27e)
Start importing Assets/Settings/Very Low_PipelineAsset.asset using Guid(351f7fcfab46f3f4181c2a3b046cd2e8) Importer(2089858483,d624ce77472d68a35037170ec1d2d27e) (ScriptedImporter) -> (artifact id: '7b76c83245d7ed5ac7eacea7cb0ff1f4') in 0.0552986 seconds
Number of updated asset objects reloaded before import = 0Number of asset objects unloaded after import = 2

========================================================================
Received Import Request.
  Time since last request: 0.000030 seconds.
  path: Assets/TextMesh Pro/Examples & Extras/Materials/Small Crate_diffuse.mat
  artifactKey: Guid(22262639920f43d6be32430e4e58350d) Importer(2089858483,d624ce77472d68a35037170ec1d2d27e)
Start importing Assets/TextMesh Pro/Examples & Extras/Materials/Small Crate_diffuse.mat using Guid(22262639920f43d6be32430e4e58350d) Importer(2089858483,d624ce77472d68a35037170ec1d2d27e) (ScriptedImporter) -> (artifact id: '213bcb19ca3f9f770f2fdd05a560b06b') in 0.0476005 seconds
Number of updated asset objects reloaded before import = 0Number of asset objects unloaded after import = 3

========================================================================
Received Import Request.
  Time since last request: 0.000017 seconds.
  path: Assets/Material/DB_02.mat
  artifactKey: Guid(265b0d71af047974bbe0a61b86971879) Importer(2089858483,d624ce77472d68a35037170ec1d2d27e)
Start importing Assets/Material/DB_02.mat using Guid(265b0d71af047974bbe0a61b86971879) Importer(2089858483,d624ce77472d68a35037170ec1d2d27e) (ScriptedImporter) -> (artifact id: '0d8e7fa4493549c11e7d7cff246025d2') in 0.1044365 seconds
Number of updated asset objects reloaded before import = 0Number of asset objects unloaded after import = 3

========================================================================
Received Import Request.
  Time since last request: 0.000023 seconds.
  path: Assets/TextMesh Pro/Examples & Extras/Scenes/15 - Inline Graphics & Sprites.unity
  artifactKey: Guid(e76e6c0f81964cbda3fe0b7d26ed8060) Importer(2089858483,d624ce77472d68a35037170ec1d2d27e)
Start importing Assets/TextMesh Pro/Examples & Extras/Scenes/15 - Inline Graphics & Sprites.unity using Guid(e76e6c0f81964cbda3fe0b7d26ed8060) Importer(2089858483,d624ce77472d68a35037170ec1d2d27e) (ScriptedImporter) -> (artifact id: '317e5efe1c76fb3e3721fbaf2b8ab64d') in 0.051059 seconds
Number of updated asset objects reloaded before import = 0Number of asset objects unloaded after import = 1

========================================================================
Received Import Request.
  Time since last request: 0.000035 seconds.
  path: Assets/TextMesh Pro/Examples & Extras/Prefabs/TextMeshPro - Prefab 1.prefab
  artifactKey: Guid(a6e39ced0ea046bcb636c3f0b2e2a745) Importer(2089858483,d624ce77472d68a35037170ec1d2d27e)
Start importing Assets/TextMesh Pro/Examples & Extras/Prefabs/TextMeshPro - Prefab 1.prefab using Guid(a6e39ced0ea046bcb636c3f0b2e2a745) Importer(2089858483,d624ce77472d68a35037170ec1d2d27e) (ScriptedImporter) -> (artifact id: '310995761b5257552127e5d9f37ff935') in 0.1999958 seconds
Number of updated asset objects reloaded before import = 0Number of asset objects unloaded after import = 16

========================================================================
Received Import Request.
  Time since last request: 0.000019 seconds.
  path: Assets/Material/Computer.mat
  artifactKey: Guid(0343973fdc8142e45a4c437f00e7db97) Importer(2089858483,d624ce77472d68a35037170ec1d2d27e)
Start importing Assets/Material/Computer.mat using Guid(0343973fdc8142e45a4c437f00e7db97) Importer(2089858483,d624ce77472d68a35037170ec1d2d27e) (ScriptedImporter) -> (artifact id: '40309766ae5a226f44c5baeb548457d4') in 0.0574125 seconds
Number of updated asset objects reloaded before import = 0Number of asset objects unloaded after import = 2

========================================================================
Received Import Request.
  Time since last request: 0.000027 seconds.
  path: Assets/Settings/Very Low_PipelineAsset_ForwardRenderer.asset
  artifactKey: Guid(547ed881babe3eb48a98be783b6773e3) Importer(2089858483,d624ce77472d68a35037170ec1d2d27e)
Start importing Assets/Settings/Very Low_PipelineAsset_ForwardRenderer.asset using Guid(547ed881babe3eb48a98be783b6773e3) Importer(2089858483,d624ce77472d68a35037170ec1d2d27e) (ScriptedImporter) -> (artifact id: '6e194b89a340b5bea88d5ce2f5af8af4') in 0.0322878 seconds
Number of updated asset objects reloaded before import = 0Number of asset objects unloaded after import = 1

========================================================================
Received Import Request.
  Time since last request: 0.000018 seconds.
  path: Assets/Material/OfficeWall.mat
  artifactKey: Guid(23a7852ca2e4eda48903e0225c4c16cd) Importer(2089858483,d624ce77472d68a35037170ec1d2d27e)
Start importing Assets/Material/OfficeWall.mat using Guid(23a7852ca2e4eda48903e0225c4c16cd) Importer(2089858483,d624ce77472d68a35037170ec1d2d27e) (ScriptedImporter) -> (artifact id: '15c86946b30cffc2ef8c979a486ca24c') in 0.0875 seconds
Number of updated asset objects reloaded before import = 0Number of asset objects unloaded after import = 2

========================================================================
Received Import Request.
  Time since last request: 0.000028 seconds.
  path: Assets/TextMesh Pro/Examples & Extras/Scenes/25 - Sunny Days Example.unity
  artifactKey: Guid(f9b4c22e15cff344ba9fc6542a58dd07) Importer(2089858483,d624ce77472d68a35037170ec1d2d27e)
Start importing Assets/TextMesh Pro/Examples & Extras/Scenes/25 - Sunny Days Example.unity using Guid(f9b4c22e15cff344ba9fc6542a58dd07) Importer(2089858483,d624ce77472d68a35037170ec1d2d27e) (ScriptedImporter) -> (artifact id: '26b79935c25aa4d58b9c75c246dced3c') in 0.0185858 seconds
Number of updated asset objects reloaded before import = 0Number of asset objects unloaded after import = 1

========================================================================
Received Import Request.
  Time since last request: 0.000034 seconds.
  path: Assets/_Prefab/UI/UI_Buttom.prefab
  artifactKey: Guid(b584cba01f263344fb8ec1300a3da3f0) Importer(2089858483,d624ce77472d68a35037170ec1d2d27e)
Start importing Assets/_Prefab/UI/UI_Buttom.prefab using Guid(b584cba01f263344fb8ec1300a3da3f0) Importer(2089858483,d624ce77472d68a35037170ec1d2d27e) (ScriptedImporter) -> (artifact id: '3e0ea16194a9bba276e88a4bd97070fe') in 0.1860957 seconds
Number of updated asset objects reloaded before import = 0Number of asset objects unloaded after import = 16

========================================================================
Received Import Request.
  Time since last request: 0.000023 seconds.
  path: Assets/Anim
  artifactKey: Guid(e156cf333c00ba34ca4df34ff1d73a56) Importer(2089858483,d624ce77472d68a35037170ec1d2d27e)
Start importing Assets/Anim using Guid(e156cf333c00ba34ca4df34ff1d73a56) Importer(2089858483,d624ce77472d68a35037170ec1d2d27e) (ScriptedImporter) -> (artifact id: 'c122e793a38a64df005d4baa2ce9dfe2') in 0.0116875 seconds
Number of updated asset objects reloaded before import = 0Number of asset objects unloaded after import = 1

========================================================================
Received Import Request.
  Time since last request: 0.000027 seconds.
  path: Assets/TextMesh Pro/Examples & Extras/Prefabs/TextMeshPro - Prefab 2.prefab
  artifactKey: Guid(fdad9d952ae84cafb74c63f2e694d042) Importer(2089858483,d624ce77472d68a35037170ec1d2d27e)
Start importing Assets/TextMesh Pro/Examples & Extras/Prefabs/TextMeshPro - Prefab 2.prefab using Guid(fdad9d952ae84cafb74c63f2e694d042) Importer(2089858483,d624ce77472d68a35037170ec1d2d27e) (ScriptedImporter) -> (artifact id: '9aa7fe532048d4494c20d3bddf4aac80') in 0.0822872 seconds
Number of updated asset objects reloaded before import = 0Number of asset objects unloaded after import = 16

========================================================================
Received Import Request.
  Time since last request: 0.000022 seconds.
  path: Assets/_Scriptable Object/Weapon/MP5.asset
  artifactKey: Guid(9e94b170c87fe104c8af6c91b9bd5943) Importer(2089858483,d624ce77472d68a35037170ec1d2d27e)
Start importing Assets/_Scriptable Object/Weapon/MP5.asset using Guid(9e94b170c87fe104c8af6c91b9bd5943) Importer(2089858483,d624ce77472d68a35037170ec1d2d27e) (ScriptedImporter) -> (artifact id: '3be9e1df65c912002ea9ee4f98cb7c26') in 0.0944472 seconds
Number of updated asset objects reloaded before import = 0Number of asset objects unloaded after import = 22

========================================================================
Received Import Request.
  Time since last request: 0.000022 seconds.
  path: Assets/Material/Metalness.mat
  artifactKey: Guid(38b7137074610584b8f9418b3dd139e0) Importer(2089858483,d624ce77472d68a35037170ec1d2d27e)
Start importing Assets/Material/Metalness.mat using Guid(38b7137074610584b8f9418b3dd139e0) Importer(2089858483,d624ce77472d68a35037170ec1d2d27e) (ScriptedImporter) -> (artifact id: '1643e6f22c4512163ecaf20c2d77739f') in 0.0417107 seconds
Number of updated asset objects reloaded before import = 0Number of asset objects unloaded after import = 1

========================================================================
Received Import Request.
  Time since last request: 0.000029 seconds.
  path: Assets/_Script/AIChaserBehaviour.cs
  artifactKey: Guid(2439054ce81178842ab394d9c197538a) Importer(2089858483,d624ce77472d68a35037170ec1d2d27e)
Start importing Assets/_Script/AIChaserBehaviour.cs using Guid(2439054ce81178842ab394d9c197538a) Importer(2089858483,d624ce77472d68a35037170ec1d2d27e) (ScriptedImporter) -> (artifact id: '869dc604dc785b13f16f9a14fa0a7315') in 0.0242707 seconds
Number of updated asset objects reloaded before import = 0Number of asset objects unloaded after import = 0

========================================================================
Received Import Request.
  Time since last request: 0.000018 seconds.
  path: Assets/Material/Glow_Off.mat
  artifactKey: Guid(2426b2e4574b75c44a6be9801506fb25) Importer(2089858483,d624ce77472d68a35037170ec1d2d27e)
Start importing Assets/Material/Glow_Off.mat using Guid(2426b2e4574b75c44a6be9801506fb25) Importer(2089858483,d624ce77472d68a35037170ec1d2d27e) (ScriptedImporter) -> (artifact id: 'b875b049a5ce796511f362e0e30a69fa') in 0.0563359 seconds
Number of updated asset objects reloaded before import = 0Number of asset objects unloaded after import = 1

========================================================================
Received Import Request.
  Time since last request: 0.000019 seconds.
  path: Assets/Anim Controller
  artifactKey: Guid(334be299acbc0d541a12fd4c9f6a6b45) Importer(2089858483,d624ce77472d68a35037170ec1d2d27e)
Start importing Assets/Anim Controller using Guid(334be299acbc0d541a12fd4c9f6a6b45) Importer(2089858483,d624ce77472d68a35037170ec1d2d27e) (ScriptedImporter) -> (artifact id: '5c036980b842a71885d96495665733e5') in 0.0130545 seconds
Number of updated asset objects reloaded before import = 0Number of asset objects unloaded after import = 1

========================================================================
Received Import Request.
  Time since last request: 0.000025 seconds.
  path: Assets/_Script/DamageArea.cs
  artifactKey: Guid(a9786f0f2e8771548bfe37a0c3d27f55) Importer(2089858483,d624ce77472d68a35037170ec1d2d27e)
Start importing Assets/_Script/DamageArea.cs using Guid(a9786f0f2e8771548bfe37a0c3d27f55) Importer(2089858483,d624ce77472d68a35037170ec1d2d27e) (ScriptedImporter) -> (artifact id: '3e01a7a02c38c3cdf51ba01ffd84fd57') in 0.3792916 seconds
Number of updated asset objects reloaded before import = 0Number of asset objects unloaded after import = 0

========================================================================
Received Import Request.
  Time since last request: 0.000019 seconds.
  path: Assets/_Script/Player/CameraMovement.cs
  artifactKey: Guid(dd674bae78d6ff04d986014c989e6893) Importer(2089858483,d624ce77472d68a35037170ec1d2d27e)
Start importing Assets/_Script/Player/CameraMovement.cs using Guid(dd674bae78d6ff04d986014c989e6893) Importer(2089858483,d624ce77472d68a35037170ec1d2d27e) (ScriptedImporter) -> (artifact id: 'eb65e203181cc1ccce3d1778a45d1efb') in 0.0455231 seconds
Number of updated asset objects reloaded before import = 0Number of asset objects unloaded after import = 0

========================================================================
Received Import Request.
  Time since last request: 0.000032 seconds.
  path: Assets/TextMesh Pro/Examples & Extras/Scenes/08 - Improved Text Alignment.unity
  artifactKey: Guid(5fe2257128d9401fad0790f581dc8a6f) Importer(2089858483,d624ce77472d68a35037170ec1d2d27e)
Start importing Assets/TextMesh Pro/Examples & Extras/Scenes/08 - Improved Text Alignment.unity using Guid(5fe2257128d9401fad0790f581dc8a6f) Importer(2089858483,d624ce77472d68a35037170ec1d2d27e) (ScriptedImporter) -> (artifact id: 'e970a52b6695bae5ad21ec6a5f2abf7a') in 0.0182439 seconds
Number of updated asset objects reloaded before import = 0Number of asset objects unloaded after import = 1

========================================================================
Received Import Request.
  Time since last request: 0.000015 seconds.
  path: Assets/TextMesh Pro/Examples & Extras/Scenes/02 - Multi-line TextMesh Pro.unity
  artifactKey: Guid(251716609f634449bfe8ce75c0ed78fe) Importer(2089858483,d624ce77472d68a35037170ec1d2d27e)
Start importing Assets/TextMesh Pro/Examples & Extras/Scenes/02 - Multi-line TextMesh Pro.unity using Guid(251716609f634449bfe8ce75c0ed78fe) Importer(2089858483,d624ce77472d68a35037170ec1d2d27e) (ScriptedImporter) -> (artifact id: 'e787d4cfe86f92114b11831d9bb1bfd6') in 0.0187272 seconds
Number of updated asset objects reloaded before import = 0Number of asset objects unloaded after import = 1

========================================================================
Received Import Request.
  Time since last request: 0.000019 seconds.
  path: Assets/TextMesh Pro/Examples & Extras/Materials/Ground - Surface Shader Scene.mat
  artifactKey: Guid(aadd5a709a48466c887296bb5b1b8110) Importer(2089858483,d624ce77472d68a35037170ec1d2d27e)
Start importing Assets/TextMesh Pro/Examples & Extras/Materials/Ground - Surface Shader Scene.mat using Guid(aadd5a709a48466c887296bb5b1b8110) Importer(2089858483,d624ce77472d68a35037170ec1d2d27e) (ScriptedImporter) -> (artifact id: 'c86bb450cf048d082fe321ea1cdfd6de') in 0.0389207 seconds
Number of updated asset objects reloaded before import = 0Number of asset objects unloaded after import = 2

========================================================================
Received Import Request.
  Time since last request: 0.000027 seconds.
  path: Assets/_Prefab/Character/Enemy.prefab
  artifactKey: Guid(6b951787b6be8ef4e807036494b7614b) Importer(2089858483,d624ce77472d68a35037170ec1d2d27e)
Start importing Assets/_Prefab/Character/Enemy.prefab using Guid(6b951787b6be8ef4e807036494b7614b) Importer(2089858483,d624ce77472d68a35037170ec1d2d27e) (ScriptedImporter) -> (artifact id: 'dab37f47bcbd15293f8057db1cc3d355') in 0.1747493 seconds
Number of updated asset objects reloaded before import = 0Number of asset objects unloaded after import = 261

========================================================================
Received Import Request.
  Time since last request: 0.000022 seconds.
  path: Assets/Prototyping Pack/Resources/Materials/Prototyp_Material_11.mat
  artifactKey: Guid(fe6847d63339b354f864815a92aca487) Importer(2089858483,d624ce77472d68a35037170ec1d2d27e)
Start importing Assets/Prototyping Pack/Resources/Materials/Prototyp_Material_11.mat using Guid(fe6847d63339b354f864815a92aca487) Importer(2089858483,d624ce77472d68a35037170ec1d2d27e) (ScriptedImporter) -> (artifact id: '91af1e301e2dc691fca955f0db14fc6e') in 0.2359322 seconds
Number of updated asset objects reloaded before import = 0Number of asset objects unloaded after import = 2

========================================================================
Received Import Request.
  Time since last request: 0.000025 seconds.
  path: Assets/_Script/CustomGravity.cs
  artifactKey: Guid(9bf160f22a70fca40a87f5bffcc56b75) Importer(2089858483,d624ce77472d68a35037170ec1d2d27e)
Start importing Assets/_Script/CustomGravity.cs using Guid(9bf160f22a70fca40a87f5bffcc56b75) Importer(2089858483,d624ce77472d68a35037170ec1d2d27e) (ScriptedImporter) -> (artifact id: 'ff6212f651a732890f45890d9bd20713') in 0.0293211 seconds
Number of updated asset objects reloaded before import = 0Number of asset objects unloaded after import = 0

========================================================================
Received Import Request.
  Time since last request: 0.000020 seconds.
  path: Assets/TextMesh Pro/Examples & Extras/Scenes/24 - Surface Shader Example URP.unity
  artifactKey: Guid(57694ed9d1cd1e340a4924c0f2eac8e3) Importer(2089858483,d624ce77472d68a35037170ec1d2d27e)
Start importing Assets/TextMesh Pro/Examples & Extras/Scenes/24 - Surface Shader Example URP.unity using Guid(57694ed9d1cd1e340a4924c0f2eac8e3) Importer(2089858483,d624ce77472d68a35037170ec1d2d27e) (ScriptedImporter) -> (artifact id: '788b4cb096115c5d9367f507dc2c5891') in 0.0127277 seconds
Number of updated asset objects reloaded before import = 0Number of asset objects unloaded after import = 1

========================================================================
Received Import Request.
  Time since last request: 0.000020 seconds.
  path: Assets/TextMesh Pro/Examples & Extras/Scenes/27 - Double Pass Shader Example.unity
  artifactKey: Guid(3b38a6ba32b869f48812e595baf39746) Importer(2089858483,d624ce77472d68a35037170ec1d2d27e)
Start importing Assets/TextMesh Pro/Examples & Extras/Scenes/27 - Double Pass Shader Example.unity using Guid(3b38a6ba32b869f48812e595baf39746) Importer(2089858483,d624ce77472d68a35037170ec1d2d27e) (ScriptedImporter) -> (artifact id: '212c237cca229c28af590b528a257b20') in 0.0139045 seconds
Number of updated asset objects reloaded before import = 0Number of asset objects unloaded after import = 1

========================================================================
Received Import Request.
  Time since last request: 0.000025 seconds.
  path: Assets/_Script/Item/Pickable.cs
  artifactKey: Guid(f0e6eeeafdfe3734585d97b2d5a35a24) Importer(2089858483,d624ce77472d68a35037170ec1d2d27e)
Start importing Assets/_Script/Item/Pickable.cs using Guid(f0e6eeeafdfe3734585d97b2d5a35a24) Importer(2089858483,d624ce77472d68a35037170ec1d2d27e) (ScriptedImporter) -> (artifact id: '54f8eb816612f226bc814198df963ba6') in 0.026318 seconds
Number of updated asset objects reloaded before import = 0Number of asset objects unloaded after import = 0

========================================================================
Received Import Request.
  Time since last request: 0.000015 seconds.
  path: Assets/_Script/Item/InventoryItemData.cs
  artifactKey: Guid(3a7fc567dbf32354aadde36574b7b3bc) Importer(2089858483,d624ce77472d68a35037170ec1d2d27e)
Start importing Assets/_Script/Item/InventoryItemData.cs using Guid(3a7fc567dbf32354aadde36574b7b3bc) Importer(2089858483,d624ce77472d68a35037170ec1d2d27e) (ScriptedImporter) -> (artifact id: '6dd14fbab1fbf78e361cce12f440bbb2') in 0.011975 seconds
Number of updated asset objects reloaded before import = 0Number of asset objects unloaded after import = 0

========================================================================
Received Import Request.
  Time since last request: 0.000039 seconds.
  path: Assets/Prototyping Pack/Resources/Materials/Prototyp_Material_9.mat
  artifactKey: Guid(698621012f4317746bf1b79896b709b6) Importer(2089858483,d624ce77472d68a35037170ec1d2d27e)
Start importing Assets/Prototyping Pack/Resources/Materials/Prototyp_Material_9.mat using Guid(698621012f4317746bf1b79896b709b6) Importer(2089858483,d624ce77472d68a35037170ec1d2d27e) (ScriptedImporter) -> (artifact id: '4520e17ccf8d5b499c0c1e7be2bb0d59') in 0.057149 seconds
Number of updated asset objects reloaded before import = 0Number of asset objects unloaded after import = 2

========================================================================
Received Import Request.
  Time since last request: 0.000029 seconds.
  path: Assets/TextMesh Pro/Examples & Extras/Scenes/20 - Input Field with Scrollbar.unity
  artifactKey: Guid(337f92480dd24675aae9e79210fb1ad9) Importer(2089858483,d624ce77472d68a35037170ec1d2d27e)
Start importing Assets/TextMesh Pro/Examples & Extras/Scenes/20 - Input Field with Scrollbar.unity using Guid(337f92480dd24675aae9e79210fb1ad9) Importer(2089858483,d624ce77472d68a35037170ec1d2d27e) (ScriptedImporter) -> (artifact id: '3f7f6ce5acd2b5de625c2f06017dbb03') in 0.014332 seconds
Number of updated asset objects reloaded before import = 0Number of asset objects unloaded after import = 1

========================================================================
Received Import Request.
  Time since last request: 0.000017 seconds.
  path: Assets/_Scriptable Object/Weapon
  artifactKey: Guid(4fad04d73dccd7b49be62be4cda1c41d) Importer(2089858483,d624ce77472d68a35037170ec1d2d27e)
Start importing Assets/_Scriptable Object/Weapon using Guid(4fad04d73dccd7b49be62be4cda1c41d) Importer(2089858483,d624ce77472d68a35037170ec1d2d27e) (ScriptedImporter) -> (artifact id: '7f3b9a65208b249263bfced15c877878') in 0.0174597 seconds
Number of updated asset objects reloaded before import = 0Number of asset objects unloaded after import = 1

========================================================================
Received Import Request.
  Time since last request: 0.000016 seconds.
  path: Assets/_Script/UI_ReadNames.cs
  artifactKey: Guid(5660b5f0f2539a54481bf4ed1c23689d) Importer(2089858483,d624ce77472d68a35037170ec1d2d27e)
Start importing Assets/_Script/UI_ReadNames.cs using Guid(5660b5f0f2539a54481bf4ed1c23689d) Importer(2089858483,d624ce77472d68a35037170ec1d2d27e) (ScriptedImporter) -> (artifact id: '26f6763fad96f0c413d376119b39d1a7') in 0.0137425 seconds
Number of updated asset objects reloaded before import = 0Number of asset objects unloaded after import = 0

========================================================================
Received Import Request.
  Time since last request: 0.000021 seconds.
  path: Assets/_Script/IUIName.cs
  artifactKey: Guid(b2b84fdf1574871458ff036d8f9cf546) Importer(2089858483,d624ce77472d68a35037170ec1d2d27e)
Start importing Assets/_Script/IUIName.cs using Guid(b2b84fdf1574871458ff036d8f9cf546) Importer(2089858483,d624ce77472d68a35037170ec1d2d27e) (ScriptedImporter) -> (artifact id: '0209c39dbca0d1e9233e7d20a0e3e4ff') in 0.0216196 seconds
Number of updated asset objects reloaded before import = 0Number of asset objects unloaded after import = 0

========================================================================
Received Import Request.
  Time since last request: 0.000026 seconds.
  path: Assets/_Script/Item/PickableWeaponPersistent.cs
  artifactKey: Guid(d4409631ba923c84d817d96e856cea53) Importer(2089858483,d624ce77472d68a35037170ec1d2d27e)
Start importing Assets/_Script/Item/PickableWeaponPersistent.cs using Guid(d4409631ba923c84d817d96e856cea53) Importer(2089858483,d624ce77472d68a35037170ec1d2d27e) (ScriptedImporter) -> (artifact id: '14bf0866c1cc47663ff212de9a56e0a5') in 0.0998056 seconds
Number of updated asset objects reloaded before import = 0Number of asset objects unloaded after import = 0

========================================================================
Received Import Request.
  Time since last request: 0.000015 seconds.
  path: Assets/Material/Mp5.mat
  artifactKey: Guid(0835b9c2bbaeeaa4ba0a3435a97c5ce9) Importer(2089858483,d624ce77472d68a35037170ec1d2d27e)
Start importing Assets/Material/Mp5.mat using Guid(0835b9c2bbaeeaa4ba0a3435a97c5ce9) Importer(2089858483,d624ce77472d68a35037170ec1d2d27e) (ScriptedImporter) -> (artifact id: '6912c59820b2caf0b235ffbb5f089568') in 0.1778811 seconds
Number of updated asset objects reloaded before import = 0Number of asset objects unloaded after import = 3

========================================================================
Received Import Request.
  Time since last request: 0.000022 seconds.
  path: Assets/_Script/Item/PickableWeapon.cs
  artifactKey: Guid(d3b57fd368357524b8f92ff166ed9167) Importer(2089858483,d624ce77472d68a35037170ec1d2d27e)
Start importing Assets/_Script/Item/PickableWeapon.cs using Guid(d3b57fd368357524b8f92ff166ed9167) Importer(2089858483,d624ce77472d68a35037170ec1d2d27e) (ScriptedImporter) -> (artifact id: 'a6724b6ce7dba2587a4c42f0558a67a6') in 0.051858 seconds
Number of updated asset objects reloaded before import = 0Number of asset objects unloaded after import = 0

========================================================================
Received Import Request.
  Time since last request: 0.000027 seconds.
  path: Assets/Input Action/GameActions.cs
  artifactKey: Guid(5d8f4a61801d1884aa3e53d8b695ee0b) Importer(2089858483,d624ce77472d68a35037170ec1d2d27e)
Start importing Assets/Input Action/GameActions.cs using Guid(5d8f4a61801d1884aa3e53d8b695ee0b) Importer(2089858483,d624ce77472d68a35037170ec1d2d27e) (ScriptedImporter) -> (artifact id: '1ec2c75d2c3dc93fe07ffde6266f6c22') in 0.0280503 seconds
Number of updated asset objects reloaded before import = 0Number of asset objects unloaded after import = 0

========================================================================
Received Import Request.
  Time since last request: 0.000015 seconds.
  path: Assets/TextMesh Pro/Examples & Extras/Resources/Fonts & Materials/Roboto-Bold SDF - URP.mat
  artifactKey: Guid(90722b8bd74d9aa49958562aff7bdf76) Importer(2089858483,d624ce77472d68a35037170ec1d2d27e)
Start importing Assets/TextMesh Pro/Examples & Extras/Resources/Fonts & Materials/Roboto-Bold SDF - URP.mat using Guid(90722b8bd74d9aa49958562aff7bdf76) Importer(2089858483,d624ce77472d68a35037170ec1d2d27e) (ScriptedImporter) -> (artifact id: '2a8442ce7f2aeeb96247bb2beace551c') in 0.0788184 seconds
Number of updated asset objects reloaded before import = 0Number of asset objects unloaded after import = 3

========================================================================
Received Import Request.
  Time since last request: 0.000020 seconds.
  path: Assets/_Scene/Level/LightingData.asset
  artifactKey: Guid(504445da8cbcb8044be3f28ec485227f) Importer(2089858483,d624ce77472d68a35037170ec1d2d27e)
Start importing Assets/_Scene/Level/LightingData.asset using Guid(504445da8cbcb8044be3f28ec485227f) Importer(2089858483,d624ce77472d68a35037170ec1d2d27e) (ScriptedImporter) -> (artifact id: 'a0b89b59979e4d11cf92e7788226d3fc') in 0.0414432 seconds
Number of updated asset objects reloaded before import = 0Number of asset objects unloaded after import = 2

========================================================================
Received Import Request.
  Time since last request: 0.000027 seconds.
  path: Assets/_Script/Singleton/Singleton.cs
  artifactKey: Guid(7414054f19e36414d8d6d25772eb1883) Importer(2089858483,d624ce77472d68a35037170ec1d2d27e)
Start importing Assets/_Script/Singleton/Singleton.cs using Guid(7414054f19e36414d8d6d25772eb1883) Importer(2089858483,d624ce77472d68a35037170ec1d2d27e) (ScriptedImporter) -> (artifact id: 'd941d5092ecd297ab3907ee2d9d5a79c') in 0.0166275 seconds
Number of updated asset objects reloaded before import = 0Number of asset objects unloaded after import = 0

========================================================================
Received Import Request.
  Time since last request: 0.000015 seconds.
  path: Assets/_Script/Item/ItemBaseData.cs
  artifactKey: Guid(4622a405f217a95458f3e252bfdc3de4) Importer(2089858483,d624ce77472d68a35037170ec1d2d27e)
Start importing Assets/_Script/Item/ItemBaseData.cs using Guid(4622a405f217a95458f3e252bfdc3de4) Importer(2089858483,d624ce77472d68a35037170ec1d2d27e) (ScriptedImporter) -> (artifact id: '8e241540035d497f1215ae4262c7fa5d') in 0.0153163 seconds
Number of updated asset objects reloaded before import = 0Number of asset objects unloaded after import = 0

========================================================================
Received Import Request.
  Time since last request: 0.000022 seconds.
  path: Assets/_Script/Item/Consumable.cs
  artifactKey: Guid(6cd381dbcb0d67f459b858008ed5a858) Importer(2089858483,d624ce77472d68a35037170ec1d2d27e)
Start importing Assets/_Script/Item/Consumable.cs using Guid(6cd381dbcb0d67f459b858008ed5a858) Importer(2089858483,d624ce77472d68a35037170ec1d2d27e) (ScriptedImporter) -> (artifact id: '873be20a50afaa7f70ff099a7108d6bc') in 0.0180593 seconds
Number of updated asset objects reloaded before import = 0Number of asset objects unloaded after import = 0

========================================================================
Received Import Request.
  Time since last request: 0.000025 seconds.
  path: Assets/_Prefab/Character/PlayerController.prefab
  artifactKey: Guid(350bccdf577cf5c41a4bf7aaa1317d52) Importer(2089858483,d624ce77472d68a35037170ec1d2d27e)
Start importing Assets/_Prefab/Character/PlayerController.prefab using Guid(350bccdf577cf5c41a4bf7aaa1317d52) Importer(2089858483,d624ce77472d68a35037170ec1d2d27e) (ScriptedImporter) -> (artifact id: 'd03a4c7903448aa4763b3e6f82282e86') in 0.0884084 seconds
Number of updated asset objects reloaded before import = 0Number of asset objects unloaded after import = 21

========================================================================
Received Import Request.
  Time since last request: 0.000016 seconds.
  path: Assets/Input Action/GameActions.inputactions
  artifactKey: Guid(5261bc7792e99e640a82546c0fc724ed) Importer(2089858483,d624ce77472d68a35037170ec1d2d27e)
Start importing Assets/Input Action/GameActions.inputactions using Guid(5261bc7792e99e640a82546c0fc724ed) Importer(2089858483,d624ce77472d68a35037170ec1d2d27e) (ScriptedImporter) -> (artifact id: 'b821329ce6bc05427591e9e9a953ac99') in 0.2987729 seconds
Number of updated asset objects reloaded before import = 0Number of asset objects unloaded after import = 20

========================================================================
Received Import Request.
  Time since last request: 0.000021 seconds.
  path: Assets/UniversalRenderPipelineGlobalSettings.asset
  artifactKey: Guid(af175b240bc24af4a823a8159fa9fc35) Importer(2089858483,d624ce77472d68a35037170ec1d2d27e)
Start importing Assets/UniversalRenderPipelineGlobalSettings.asset using Guid(af175b240bc24af4a823a8159fa9fc35) Importer(2089858483,d624ce77472d68a35037170ec1d2d27e) (ScriptedImporter) -> (artifact id: '4193f4b6a609ebafcdeab246f80783d1') in 0.0926314 seconds
Number of updated asset objects reloaded before import = 0Number of asset objects unloaded after import = 0

========================================================================
Received Import Request.
  Time since last request: 0.000031 seconds.
  path: Assets/Material/Keycard_Base.mat
  artifactKey: Guid(474ce3efd8274354bacd373515968de6) Importer(2089858483,d624ce77472d68a35037170ec1d2d27e)
Start importing Assets/Material/Keycard_Base.mat using Guid(474ce3efd8274354bacd373515968de6) Importer(2089858483,d624ce77472d68a35037170ec1d2d27e) (ScriptedImporter) -> (artifact id: 'e4ddb6c5a5b78b0037272e5444eb7099') in 0.0129735 seconds
Number of updated asset objects reloaded before import = 0Number of asset objects unloaded after import = 1

========================================================================
Received Import Request.
  Time since last request: 0.000016 seconds.
  path: Assets/_Scriptable Object/Ammo/Ammo_Pistol.asset
  artifactKey: Guid(f3a15256ebc23754dba563d6c9b03a55) Importer(2089858483,d624ce77472d68a35037170ec1d2d27e)
Start importing Assets/_Scriptable Object/Ammo/Ammo_Pistol.asset using Guid(f3a15256ebc23754dba563d6c9b03a55) Importer(2089858483,d624ce77472d68a35037170ec1d2d27e) (ScriptedImporter) -> (artifact id: 'c460b2845cd4791b448cd9fd525c1a82') in 0.0316973 seconds
Number of updated asset objects reloaded before import = 0Number of asset objects unloaded after import = 1

========================================================================
Received Import Request.
  Time since last request: 0.000335 seconds.
  path: Assets/_Scriptable Object/Keycard/Keycard_Yellow.asset
  artifactKey: Guid(e5ba6d3497bdefd48b550e5304fba5e9) Importer(2089858483,d624ce77472d68a35037170ec1d2d27e)
Start importing Assets/_Scriptable Object/Keycard/Keycard_Yellow.asset using Guid(e5ba6d3497bdefd48b550e5304fba5e9) Importer(2089858483,d624ce77472d68a35037170ec1d2d27e) (ScriptedImporter) -> (artifact id: '96c5bdc4e6dee4bdb8f989c02a6fa01a') in 0.1503753 seconds
Number of updated asset objects reloaded before import = 0Number of asset objects unloaded after import = 16

========================================================================
Received Import Request.
  Time since last request: 0.000162 seconds.
  path: Assets/_Scriptable Object/Consumable/Medkit.asset
  artifactKey: Guid(7dacdea3156b61d419899740502bbf54) Importer(2089858483,d624ce77472d68a35037170ec1d2d27e)
Start importing Assets/_Scriptable Object/Consumable/Medkit.asset using Guid(7dacdea3156b61d419899740502bbf54) Importer(2089858483,d624ce77472d68a35037170ec1d2d27e) (ScriptedImporter) -> (artifact id: 'f68c0557cdd24b16d9bd20fcea14ad02') in 0.0316834 seconds
Number of updated asset objects reloaded before import = 0Number of asset objects unloaded after import = 1

========================================================================
Received Import Request.
  Time since last request: 0.000018 seconds.
  path: Assets/_Scene/House
  artifactKey: Guid(4fcdb0545d7002c42a9e7a2763955f6e) Importer(2089858483,d624ce77472d68a35037170ec1d2d27e)
Start importing Assets/_Scene/House using Guid(4fcdb0545d7002c42a9e7a2763955f6e) Importer(2089858483,d624ce77472d68a35037170ec1d2d27e) (ScriptedImporter) -> (artifact id: 'ede9828ae1604034315827627d460153') in 0.0216077 seconds
Number of updated asset objects reloaded before import = 0Number of asset objects unloaded after import = 1

========================================================================
Received Import Request.
  Time since last request: 0.000018 seconds.
  path: Assets/_Script/IDamageable.cs
  artifactKey: Guid(6d97b1fc311fc0e4898f0c2a67b2b563) Importer(2089858483,d624ce77472d68a35037170ec1d2d27e)
Start importing Assets/_Script/IDamageable.cs using Guid(6d97b1fc311fc0e4898f0c2a67b2b563) Importer(2089858483,d624ce77472d68a35037170ec1d2d27e) (ScriptedImporter) -> (artifact id: '1d47d26c5aeb85ed2c03479189abdb17') in 0.0177961 seconds
Number of updated asset objects reloaded before import = 0Number of asset objects unloaded after import = 0

========================================================================
Received Import Request.
  Time since last request: 0.000027 seconds.
  path: Assets/_Scriptable Object/Consumable/Bandage.asset
  artifactKey: Guid(fe9e8099cd1925340ba4118c8949a436) Importer(2089858483,d624ce77472d68a35037170ec1d2d27e)
Start importing Assets/_Scriptable Object/Consumable/Bandage.asset using Guid(fe9e8099cd1925340ba4118c8949a436) Importer(2089858483,d624ce77472d68a35037170ec1d2d27e) (ScriptedImporter) -> (artifact id: '62f150465991eebc3506b624be4a2acf') in 0.1537716 seconds
Number of updated asset objects reloaded before import = 0Number of asset objects unloaded after import = 1

========================================================================
Received Import Request.
  Time since last request: 0.000019 seconds.
  path: Assets/_Scriptable Object/Keycard/Keycard_Green.asset
  artifactKey: Guid(1847aec8ede1f2041ac1e4cbca20900d) Importer(2089858483,d624ce77472d68a35037170ec1d2d27e)
Start importing Assets/_Scriptable Object/Keycard/Keycard_Green.asset using Guid(1847aec8ede1f2041ac1e4cbca20900d) Importer(2089858483,d624ce77472d68a35037170ec1d2d27e) (ScriptedImporter) -> (artifact id: 'd3407b63882da4733ae3937b36e8f218') in 0.070492 seconds
Number of updated asset objects reloaded before import = 0Number of asset objects unloaded after import = 16

========================================================================
Received Import Request.
  Time since last request: 0.000030 seconds.
  path: Assets/_Prefab/Particle/MF_MP5.prefab
  artifactKey: Guid(6d2f69ef9a8a1884b963eb0c73b29bf0) Importer(2089858483,d624ce77472d68a35037170ec1d2d27e)
Start importing Assets/_Prefab/Particle/MF_MP5.prefab using Guid(6d2f69ef9a8a1884b963eb0c73b29bf0) Importer(2089858483,d624ce77472d68a35037170ec1d2d27e) (ScriptedImporter) -> (artifact id: 'c64cd9528c8707c252670f8871ca6b80') in 0.0671231 seconds
Number of updated asset objects reloaded before import = 0Number of asset objects unloaded after import = 9

========================================================================
Received Import Request.
  Time since last request: 0.000015 seconds.
  path: Assets/Anim/PlayerCamera_Idle.anim
  artifactKey: Guid(0c3990b2a855f0e498b2ab1facfb5fc2) Importer(2089858483,d624ce77472d68a35037170ec1d2d27e)
Start importing Assets/Anim/PlayerCamera_Idle.anim using Guid(0c3990b2a855f0e498b2ab1facfb5fc2) Importer(2089858483,d624ce77472d68a35037170ec1d2d27e) (ScriptedImporter) -> (artifact id: '4944cd29600838b52f1825af45f68fed') in 0.024475 seconds
Number of updated asset objects reloaded before import = 0Number of asset objects unloaded after import = 1

========================================================================
Received Import Request.
  Time since last request: 0.000018 seconds.
  path: Assets/_Script/ApllicationTargetFrameRate.cs
  artifactKey: Guid(69765cf00311ea243b22ce989f69c6d6) Importer(2089858483,d624ce77472d68a35037170ec1d2d27e)
Start importing Assets/_Script/ApllicationTargetFrameRate.cs using Guid(69765cf00311ea243b22ce989f69c6d6) Importer(2089858483,d624ce77472d68a35037170ec1d2d27e) (ScriptedImporter) -> (artifact id: '0dd7f4885618a3822c6c9af8dbe820bb') in 0.0151179 seconds
Number of updated asset objects reloaded before import = 0Number of asset objects unloaded after import = 0

========================================================================
Received Import Request.
  Time since last request: 0.000024 seconds.
  path: Assets/TextMesh Pro/Examples & Extras/Scenes/26 - Dropdown Placeholder Example.unity
  artifactKey: Guid(0851605490a599b46b6ac5cb681d93ea) Importer(2089858483,d624ce77472d68a35037170ec1d2d27e)
Start importing Assets/TextMesh Pro/Examples & Extras/Scenes/26 - Dropdown Placeholder Example.unity using Guid(0851605490a599b46b6ac5cb681d93ea) Importer(2089858483,d624ce77472d68a35037170ec1d2d27e) (ScriptedImporter) -> (artifact id: 'e11f144b2d3c739efdbea342c6ac340e') in 0.0116679 seconds
Number of updated asset objects reloaded before import = 0Number of asset objects unloaded after import = 1

========================================================================
Received Import Request.
  Time since last request: 0.000016 seconds.
  path: Assets/_Script/Player/Player.cs
  artifactKey: Guid(6a55878c144efd742be95fec5feb0508) Importer(2089858483,d624ce77472d68a35037170ec1d2d27e)
Start importing Assets/_Script/Player/Player.cs using Guid(6a55878c144efd742be95fec5feb0508) Importer(2089858483,d624ce77472d68a35037170ec1d2d27e) (ScriptedImporter) -> (artifact id: '6af5eb4e544bdbb95e94318229844950') in 0.0320333 seconds
Number of updated asset objects reloaded before import = 0Number of asset objects unloaded after import = 0

========================================================================
Received Import Request.
  Time since last request: 0.000019 seconds.
  path: Assets/Anim/Enemy_Hold.anim
  artifactKey: Guid(24133a2a20b954d4ab067e97c0aadc9b) Importer(2089858483,d624ce77472d68a35037170ec1d2d27e)
Start importing Assets/Anim/Enemy_Hold.anim using Guid(24133a2a20b954d4ab067e97c0aadc9b) Importer(2089858483,d624ce77472d68a35037170ec1d2d27e) (ScriptedImporter) -> (artifact id: '7918caaad550178ee1a693fff15124d9') in 0.0581065 seconds
Number of updated asset objects reloaded before import = 0Number of asset objects unloaded after import = 1

========================================================================
Received Import Request.
  Time since last request: 0.000025 seconds.
  path: Assets/Anim/Gate_Open.anim
  artifactKey: Guid(60b376d560446524098b15a3ccc3c7c1) Importer(2089858483,d624ce77472d68a35037170ec1d2d27e)
Start importing Assets/Anim/Gate_Open.anim using Guid(60b376d560446524098b15a3ccc3c7c1) Importer(2089858483,d624ce77472d68a35037170ec1d2d27e) (ScriptedImporter) -> (artifact id: '71745a248a8061511fbf50b88232c8c7') in 0.0324955 seconds
Number of updated asset objects reloaded before import = 0Number of asset objects unloaded after import = 1

========================================================================
Received Import Request.
  Time since last request: 0.000017 seconds.
  path: Assets/TextMesh Pro/Examples & Extras/Scenes/13 - Soft Hyphenation.unity
  artifactKey: Guid(875684baf40f4d008ce806d03e2a81b2) Importer(2089858483,d624ce77472d68a35037170ec1d2d27e)
Start importing Assets/TextMesh Pro/Examples & Extras/Scenes/13 - Soft Hyphenation.unity using Guid(875684baf40f4d008ce806d03e2a81b2) Importer(2089858483,d624ce77472d68a35037170ec1d2d27e) (ScriptedImporter) -> (artifact id: '845b84917c133c5c506e8da71049fd98') in 0.158901 seconds
Number of updated asset objects reloaded before import = 0Number of asset objects unloaded after import = 1

========================================================================
Received Import Request.
  Time since last request: 0.000019 seconds.
  path: Assets/Anim/Pistol_Shoot.anim
  artifactKey: Guid(41475884d2f8732458726b8f75311a9d) Importer(2089858483,d624ce77472d68a35037170ec1d2d27e)
Start importing Assets/Anim/Pistol_Shoot.anim using Guid(41475884d2f8732458726b8f75311a9d) Importer(2089858483,d624ce77472d68a35037170ec1d2d27e) (ScriptedImporter) -> (artifact id: '49c05fd802cf3272bf8063433227e511') in 0.0279765 seconds
Number of updated asset objects reloaded before import = 0Number of asset objects unloaded after import = 1

========================================================================
Received Import Request.
  Time since last request: 0.000024 seconds.
  path: Assets/Anim/PlayerCamera_Aim.anim
  artifactKey: Guid(15d7074e0c16dc8498c0437446a93a87) Importer(2089858483,d624ce77472d68a35037170ec1d2d27e)
Start importing Assets/Anim/PlayerCamera_Aim.anim using Guid(15d7074e0c16dc8498c0437446a93a87) Importer(2089858483,d624ce77472d68a35037170ec1d2d27e) (ScriptedImporter) -> (artifact id: '18dbf6dd208d21811ab3f057b304bb5c') in 0.0502342 seconds
Number of updated asset objects reloaded before import = 0Number of asset objects unloaded after import = 1

========================================================================
Received Import Request.
  Time since last request: 0.000016 seconds.
  path: Assets/Anim/Elevator_Close.anim
  artifactKey: Guid(77d8334fd00b5d247af8ef16d2d9937a) Importer(2089858483,d624ce77472d68a35037170ec1d2d27e)
Start importing Assets/Anim/Elevator_Close.anim using Guid(77d8334fd00b5d247af8ef16d2d9937a) Importer(2089858483,d624ce77472d68a35037170ec1d2d27e) (ScriptedImporter) -> (artifact id: 'aef9ff2328652966e855c2449e64eba2') in 0.0455916 seconds
Number of updated asset objects reloaded before import = 0Number of asset objects unloaded after import = 1

========================================================================
Received Import Request.
  Time since last request: 0.000018 seconds.
  path: Assets/_Script/XPHolder.cs
  artifactKey: Guid(e49c407fbd0786544a68a34f9b6fe6bd) Importer(2089858483,d624ce77472d68a35037170ec1d2d27e)
Start importing Assets/_Script/XPHolder.cs using Guid(e49c407fbd0786544a68a34f9b6fe6bd) Importer(2089858483,d624ce77472d68a35037170ec1d2d27e) (ScriptedImporter) -> (artifact id: '42e9601a2185ba6789d8e78532c143fc') in 0.0348957 seconds
Number of updated asset objects reloaded before import = 0Number of asset objects unloaded after import = 0

========================================================================
Received Import Request.
  Time since last request: 0.000026 seconds.
  path: Assets/Anim/Enemy_Walk.anim
  artifactKey: Guid(cb211b34f91964649a313f25784662ed) Importer(2089858483,d624ce77472d68a35037170ec1d2d27e)
Start importing Assets/Anim/Enemy_Walk.anim using Guid(cb211b34f91964649a313f25784662ed) Importer(2089858483,d624ce77472d68a35037170ec1d2d27e) (ScriptedImporter) -> (artifact id: '14c19906439d4ef8fcf7d9f71d10904a') in 0.0385456 seconds
Number of updated asset objects reloaded before import = 0Number of asset objects unloaded after import = 1

========================================================================
Received Import Request.
  Time since last request: 0.000016 seconds.
  path: Assets/Anim/MP5_Shoot.anim
  artifactKey: Guid(8256db4f185ca17418412e034f93f480) Importer(2089858483,d624ce77472d68a35037170ec1d2d27e)
Start importing Assets/Anim/MP5_Shoot.anim using Guid(8256db4f185ca17418412e034f93f480) Importer(2089858483,d624ce77472d68a35037170ec1d2d27e) (ScriptedImporter) -> (artifact id: '896274656b3985c83291eccd68169d98') in 0.0155198 seconds
Number of updated asset objects reloaded before import = 0Number of asset objects unloaded after import = 1

========================================================================
Received Import Request.
  Time since last request: 0.000017 seconds.
  path: Assets/TextMesh Pro/Examples & Extras/Scenes/07 - Superscript & Subscript Example.unity
  artifactKey: Guid(03ec435d4b7140e9b2d87f79136d8374) Importer(2089858483,d624ce77472d68a35037170ec1d2d27e)
Start importing Assets/TextMesh Pro/Examples & Extras/Scenes/07 - Superscript & Subscript Example.unity using Guid(03ec435d4b7140e9b2d87f79136d8374) Importer(2089858483,d624ce77472d68a35037170ec1d2d27e) (ScriptedImporter) -> (artifact id: '6ca6e30a51239605dc9d8e55751632a5') in 0.0154419 seconds
Number of updated asset objects reloaded before import = 0Number of asset objects unloaded after import = 1

========================================================================
Received Import Request.
  Time since last request: 0.000021 seconds.
  path: Assets/TextMesh Pro/Examples & Extras/Scenes/23 - Animating Vertex Attributes.unity
  artifactKey: Guid(54e994244b4b467e8583cf2da6dcc716) Importer(2089858483,d624ce77472d68a35037170ec1d2d27e)
Start importing Assets/TextMesh Pro/Examples & Extras/Scenes/23 - Animating Vertex Attributes.unity using Guid(54e994244b4b467e8583cf2da6dcc716) Importer(2089858483,d624ce77472d68a35037170ec1d2d27e) (ScriptedImporter) -> (artifact id: '0ae9e444454f15ef9f84409e7585d7ad') in 0.0122196 seconds
Number of updated asset objects reloaded before import = 0Number of asset objects unloaded after import = 1

========================================================================
Received Import Request.
  Time since last request: 0.000027 seconds.
  path: Assets/_Prefab/UI/UI_Slider.prefab
  artifactKey: Guid(3485f40ed84997643956c33e833e5e06) Importer(2089858483,d624ce77472d68a35037170ec1d2d27e)
Start importing Assets/_Prefab/UI/UI_Slider.prefab using Guid(3485f40ed84997643956c33e833e5e06) Importer(2089858483,d624ce77472d68a35037170ec1d2d27e) (ScriptedImporter) -> (artifact id: '88c1aa8f6eb0cd542087f2a720a16b57') in 0.037747 seconds
Number of updated asset objects reloaded before import = 0Number of asset objects unloaded after import = 21

========================================================================
Received Import Request.
  Time since last request: 0.000016 seconds.
  path: Assets/Anim/Elevator_Open.anim
  artifactKey: Guid(a6c6df91f439dff4e88052f5bbb70496) Importer(2089858483,d624ce77472d68a35037170ec1d2d27e)
Start importing Assets/Anim/Elevator_Open.anim using Guid(a6c6df91f439dff4e88052f5bbb70496) Importer(2089858483,d624ce77472d68a35037170ec1d2d27e) (ScriptedImporter) -> (artifact id: 'c2273df2871d6db728f39c700c0a572c') in 0.0269708 seconds
Number of updated asset objects reloaded before import = 0Number of asset objects unloaded after import = 1

========================================================================
Received Import Request.
  Time since last request: 0.000019 seconds.
  path: Assets/Anim Override/MP5 Override.overrideController
  artifactKey: Guid(a7aba980ea781344aa3c5e73982c883d) Importer(2089858483,d624ce77472d68a35037170ec1d2d27e)
Start importing Assets/Anim Override/MP5 Override.overrideController using Guid(a7aba980ea781344aa3c5e73982c883d) Importer(2089858483,d624ce77472d68a35037170ec1d2d27e) (ScriptedImporter) -> (artifact id: 'b3e3bf6bb674151670a530b94b7116a3') in 0.1741085 seconds
Number of updated asset objects reloaded before import = 0Number of asset objects unloaded after import = 19

========================================================================
Received Import Request.
  Time since last request: 0.000027 seconds.
  path: Assets/Anim Controller/EnemyAnimator.controller
  artifactKey: Guid(08ee591d11b429e469949b70229a1fd7) Importer(2089858483,d624ce77472d68a35037170ec1d2d27e)
Start importing Assets/Anim Controller/EnemyAnimator.controller using Guid(08ee591d11b429e469949b70229a1fd7) Importer(2089858483,d624ce77472d68a35037170ec1d2d27e) (ScriptedImporter) -> (artifact id: '09c652fe705e2e7d1879f7d1ffb6c224') in 0.2195084 seconds
Number of updated asset objects reloaded before import = 0Number of asset objects unloaded after import = 15

========================================================================
Received Import Request.
  Time since last request: 0.000027 seconds.
  path: Assets/Anim Override/Pistol Override.overrideController
  artifactKey: Guid(4f547759e1dd5c041b6017e80dc64ee7) Importer(2089858483,d624ce77472d68a35037170ec1d2d27e)
Start importing Assets/Anim Override/Pistol Override.overrideController using Guid(4f547759e1dd5c041b6017e80dc64ee7) Importer(2089858483,d624ce77472d68a35037170ec1d2d27e) (ScriptedImporter) -> (artifact id: '3d43fe707ffd1519f9916419efe3398b') in 0.0242593 seconds
Number of updated asset objects reloaded before import = 0Number of asset objects unloaded after import = 18

========================================================================
Received Import Request.
  Time since last request: 0.000025 seconds.
  path: Assets/Anim Override
  artifactKey: Guid(960253d30f0c5b545ae887ed696aaaac) Importer(2089858483,d624ce77472d68a35037170ec1d2d27e)
Start importing Assets/Anim Override using Guid(960253d30f0c5b545ae887ed696aaaac) Importer(2089858483,d624ce77472d68a35037170ec1d2d27e) (ScriptedImporter) -> (artifact id: 'e0c7560104f95b6d023515c3470f19b4') in 0.0203498 seconds
Number of updated asset objects reloaded before import = 0Number of asset objects unloaded after import = 1

========================================================================
Received Import Request.
  Time since last request: 0.000017 seconds.
  path: Assets/TextMesh Pro/Examples & Extras/Scenes/18 - ScrollRect & Masking & Layout.unity
  artifactKey: Guid(03f9d74cec8e4b94a29d2dfd177c821b) Importer(2089858483,d624ce77472d68a35037170ec1d2d27e)
Start importing Assets/TextMesh Pro/Examples & Extras/Scenes/18 - ScrollRect & Masking & Layout.unity using Guid(03f9d74cec8e4b94a29d2dfd177c821b) Importer(2089858483,d624ce77472d68a35037170ec1d2d27e) (ScriptedImporter) -> (artifact id: 'aeb45c219a6700b816a0dee967ac8945') in 0.0165773 seconds
Number of updated asset objects reloaded before import = 0Number of asset objects unloaded after import = 1

========================================================================
Received Import Request.
  Time since last request: 0.000020 seconds.
  path: Assets/TextMesh Pro/Examples & Extras/Scenes/05 - Style TagsSettings.lighting
  artifactKey: Guid(7b588a6dd7a575c42ab05d53bff98957) Importer(2089858483,d624ce77472d68a35037170ec1d2d27e)
Start importing Assets/TextMesh Pro/Examples & Extras/Scenes/05 - Style TagsSettings.lighting using Guid(7b588a6dd7a575c42ab05d53bff98957) Importer(2089858483,d624ce77472d68a35037170ec1d2d27e) (ScriptedImporter)LightingSettings: switching bake backend from 2 to 1.
 -> (artifact id: 'd757fe2625442a664e48862283c2cb1f') in 0.0435145 seconds
Number of updated asset objects reloaded before import = 0Number of asset objects unloaded after import = 1

========================================================================
Received Import Request.
  Time since last request: 0.000043 seconds.
  path: Assets/_Script/WeaponHolder.cs
  artifactKey: Guid(04df75a6f8af659428b3dae6cf8e1888) Importer(2089858483,d624ce77472d68a35037170ec1d2d27e)
Start importing Assets/_Script/WeaponHolder.cs using Guid(04df75a6f8af659428b3dae6cf8e1888) Importer(2089858483,d624ce77472d68a35037170ec1d2d27e) (ScriptedImporter) -> (artifact id: '53e86fc7258d78b77dfcb896ab2a723a') in 0.0266811 seconds
Number of updated asset objects reloaded before import = 0Number of asset objects unloaded after import = 0

========================================================================
Received Import Request.
  Time since last request: 0.000016 seconds.
  path: Assets/TextMesh Pro/Examples & Extras/Scenes/24 - Surface Shader Example.unity
  artifactKey: Guid(8c4969fd8ba94a68b07cf11f3e7a5137) Importer(2089858483,d624ce77472d68a35037170ec1d2d27e)
Start importing Assets/TextMesh Pro/Examples & Extras/Scenes/24 - Surface Shader Example.unity using Guid(8c4969fd8ba94a68b07cf11f3e7a5137) Importer(2089858483,d624ce77472d68a35037170ec1d2d27e) (ScriptedImporter) -> (artifact id: '00e4933682ff6893c3be03c863fe4062') in 0.0119903 seconds
Number of updated asset objects reloaded before import = 0Number of asset objects unloaded after import = 1

========================================================================
Received Import Request.
  Time since last request: 0.000018 seconds.
  path: Assets/TextMesh Pro/Examples & Extras/Scenes/05 - Style Tags.unity
  artifactKey: Guid(70615243e2be4a81afaab9bf5d273d65) Importer(2089858483,d624ce77472d68a35037170ec1d2d27e)
Start importing Assets/TextMesh Pro/Examples & Extras/Scenes/05 - Style Tags.unity using Guid(70615243e2be4a81afaab9bf5d273d65) Importer(2089858483,d624ce77472d68a35037170ec1d2d27e) (ScriptedImporter) -> (artifact id: '247af86bed00040e87521d33a298268f') in 0.0157174 seconds
Number of updated asset objects reloaded before import = 0Number of asset objects unloaded after import = 1

========================================================================
Received Import Request.
  Time since last request: 0.000037 seconds.
  path: Assets/_Scriptable Object/Keycard/Keycard_Blue.asset
  artifactKey: Guid(66d9071545d32ec4ca1e045a3263301d) Importer(2089858483,d624ce77472d68a35037170ec1d2d27e)
Start importing Assets/_Scriptable Object/Keycard/Keycard_Blue.asset using Guid(66d9071545d32ec4ca1e045a3263301d) Importer(2089858483,d624ce77472d68a35037170ec1d2d27e) (ScriptedImporter) -> (artifact id: '84a16d3e4a3569d7be0fd2478b283640') in 0.2471724 seconds
Number of updated asset objects reloaded before import = 0Number of asset objects unloaded after import = 16

========================================================================
Received Import Request.
  Time since last request: 0.000048 seconds.
  path: Assets/TextMesh Pro/Examples & Extras/Scenes/20 - Input Field with ScrollbarSettings.lighting
  artifactKey: Guid(9a3a9fa5959109042b040425520fd30c) Importer(2089858483,d624ce77472d68a35037170ec1d2d27e)
Start importing Assets/TextMesh Pro/Examples & Extras/Scenes/20 - Input Field with ScrollbarSettings.lighting using Guid(9a3a9fa5959109042b040425520fd30c) Importer(2089858483,d624ce77472d68a35037170ec1d2d27e) (ScriptedImporter)LightingSettings: switching bake backend from 2 to 1.
 -> (artifact id: '378d05c1d977b8ff916ad619e85862cf') in 0.0302622 seconds
Number of updated asset objects reloaded before import = 0Number of asset objects unloaded after import = 1

========================================================================
Received Import Request.
  Time since last request: 0.000024 seconds.
  path: Assets/TextMesh Pro/Examples & Extras/Scenes/16 - Linked text overflow mode example.unity
  artifactKey: Guid(9442cda25baa4a0bb544c4d095b00caa) Importer(2089858483,d624ce77472d68a35037170ec1d2d27e)
Start importing Assets/TextMesh Pro/Examples & Extras/Scenes/16 - Linked text overflow mode example.unity using Guid(9442cda25baa4a0bb544c4d095b00caa) Importer(2089858483,d624ce77472d68a35037170ec1d2d27e) (ScriptedImporter) -> (artifact id: '058aa61631efbe27838976987727e09e') in 0.024397 seconds
Number of updated asset objects reloaded before import = 0Number of asset objects unloaded after import = 1

========================================================================
Received Import Request.
  Time since last request: 0.000017 seconds.
  path: Assets/_Prefab/Character/Chaser.prefab
  artifactKey: Guid(8faf6bba95890574a909798d46af5e62) Importer(2089858483,d624ce77472d68a35037170ec1d2d27e)
Start importing Assets/_Prefab/Character/Chaser.prefab using Guid(8faf6bba95890574a909798d46af5e62) Importer(2089858483,d624ce77472d68a35037170ec1d2d27e) (ScriptedImporter) -> (artifact id: '2ed85f548ef054d0a69c7378e107d655') in 0.0277132 seconds
Number of updated asset objects reloaded before import = 0Number of asset objects unloaded after import = 15

========================================================================
Received Import Request.
  Time since last request: 0.000018 seconds.
  path: Assets/TextMesh Pro/Examples & Extras/Scenes/17 - Old Computer Terminal.unity
  artifactKey: Guid(3e2e4d7b0bed4cf9ab827e9f32448f69) Importer(2089858483,d624ce77472d68a35037170ec1d2d27e)
Start importing Assets/TextMesh Pro/Examples & Extras/Scenes/17 - Old Computer Terminal.unity using Guid(3e2e4d7b0bed4cf9ab827e9f32448f69) Importer(2089858483,d624ce77472d68a35037170ec1d2d27e) (ScriptedImporter) -> (artifact id: '3d9532a44cace45a82a49f0509388806') in 0.0137983 seconds
Number of updated asset objects reloaded before import = 0Number of asset objects unloaded after import = 1

========================================================================
Received Import Request.
  Time since last request: 0.000025 seconds.
  path: Assets/_Prefab/EnemySpawner.prefab
  artifactKey: Guid(f9b36a42a9f6ba8408e20daac31bae1d) Importer(2089858483,d624ce77472d68a35037170ec1d2d27e)
Start importing Assets/_Prefab/EnemySpawner.prefab using Guid(f9b36a42a9f6ba8408e20daac31bae1d) Importer(2089858483,d624ce77472d68a35037170ec1d2d27e) (ScriptedImporter) -> (artifact id: '77295b89669cec79387264d17a871036') in 0.0293517 seconds
Number of updated asset objects reloaded before import = 0Number of asset objects unloaded after import = 19

========================================================================
Received Import Request.
  Time since last request: 0.000016 seconds.
  path: Assets/TextMesh Pro/Examples & Extras/Scenes/26 - Dropdown Placeholder ExampleSettings.lighting
  artifactKey: Guid(c5419e85656a87e4fab78ce04b07a624) Importer(2089858483,d624ce77472d68a35037170ec1d2d27e)
Start importing Assets/TextMesh Pro/Examples & Extras/Scenes/26 - Dropdown Placeholder ExampleSettings.lighting using Guid(c5419e85656a87e4fab78ce04b07a624) Importer(2089858483,d624ce77472d68a35037170ec1d2d27e) (ScriptedImporter)LightingSettings: switching bake backend from 2 to 1.
 -> (artifact id: '8f99d58ff64849af4279a25a78eb6edc') in 0.040963 seconds
Number of updated asset objects reloaded before import = 0Number of asset objects unloaded after import = 1

========================================================================
Received Import Request.
  Time since last request: 0.000020 seconds.
  path: Assets/Tables
  artifactKey: Guid(1d337204b994263408681f8168dfaaab) Importer(2089858483,d624ce77472d68a35037170ec1d2d27e)
Start importing Assets/Tables using Guid(1d337204b994263408681f8168dfaaab) Importer(2089858483,d624ce77472d68a35037170ec1d2d27e) (ScriptedImporter) -> (artifact id: 'fa7c6042b9b951a8d9b2d5b6e3a4cfdb') in 0.0127876 seconds
Number of updated asset objects reloaded before import = 0Number of asset objects unloaded after import = 1

========================================================================
Received Import Request.
  Time since last request: 0.000026 seconds.
  path: Assets/Anim/DB_Shoot.anim
  artifactKey: Guid(c24032619feb66c48835478013cdcf8a) Importer(2089858483,d624ce77472d68a35037170ec1d2d27e)
Start importing Assets/Anim/DB_Shoot.anim using Guid(c24032619feb66c48835478013cdcf8a) Importer(2089858483,d624ce77472d68a35037170ec1d2d27e) (ScriptedImporter) -> (artifact id: '8599bb5519d43e60c5c65a070dee05ed') in 0.0189797 seconds
Number of updated asset objects reloaded before import = 0Number of asset objects unloaded after import = 1

========================================================================
Received Import Request.
  Time since last request: 0.000015 seconds.
  path: Assets/TextMesh Pro/Examples & Extras/Scenes/23 - Animating Vertex AttributesSettings.lighting
  artifactKey: Guid(b303271760a5bad4e8b5169110627139) Importer(2089858483,d624ce77472d68a35037170ec1d2d27e)
Start importing Assets/TextMesh Pro/Examples & Extras/Scenes/23 - Animating Vertex AttributesSettings.lighting using Guid(b303271760a5bad4e8b5169110627139) Importer(2089858483,d624ce77472d68a35037170ec1d2d27e) (ScriptedImporter)LightingSettings: switching bake backend from 2 to 1.
 -> (artifact id: 'c1279f5bff02509d0d001978115533f1') in 0.0367405 seconds
Number of updated asset objects reloaded before import = 0Number of asset objects unloaded after import = 1

========================================================================
Received Import Request.
  Time since last request: 0.000016 seconds.
  path: Assets/TextMesh Pro/Examples & Extras/Scenes/04 - Word Wrapping.unity
  artifactKey: Guid(8f7137eacd7042d5b17ef0efe5e744f5) Importer(2089858483,d624ce77472d68a35037170ec1d2d27e)
Start importing Assets/TextMesh Pro/Examples & Extras/Scenes/04 - Word Wrapping.unity using Guid(8f7137eacd7042d5b17ef0efe5e744f5) Importer(2089858483,d624ce77472d68a35037170ec1d2d27e) (ScriptedImporter) -> (artifact id: '71ff23d7b97dd0a902e6248642370049') in 0.0132549 seconds
Number of updated asset objects reloaded before import = 0Number of asset objects unloaded after import = 1

========================================================================
Received Import Request.
  Time since last request: 0.000045 seconds.
  path: Assets/_Script/Player/CameraPivot.cs
  artifactKey: Guid(4f8844f14e20c73478ee1466109ae496) Importer(2089858483,d624ce77472d68a35037170ec1d2d27e)
Start importing Assets/_Script/Player/CameraPivot.cs using Guid(4f8844f14e20c73478ee1466109ae496) Importer(2089858483,d624ce77472d68a35037170ec1d2d27e) (ScriptedImporter) -> (artifact id: 'fb682f930ce9411bf75bace7d6cb4af4') in 0.0165117 seconds
Number of updated asset objects reloaded before import = 0Number of asset objects unloaded after import = 0

========================================================================
Received Import Request.
  Time since last request: 0.000031 seconds.
  path: Assets/Anim/PlayerCamera_Walking.anim
  artifactKey: Guid(636a95dfbdd855f4c94b4fb57186732f) Importer(2089858483,d624ce77472d68a35037170ec1d2d27e)
Start importing Assets/Anim/PlayerCamera_Walking.anim using Guid(636a95dfbdd855f4c94b4fb57186732f) Importer(2089858483,d624ce77472d68a35037170ec1d2d27e) (ScriptedImporter) -> (artifact id: '497682818559e726eabee6759da1a48b') in 0.0190548 seconds
Number of updated asset objects reloaded before import = 0Number of asset objects unloaded after import = 1

========================================================================
Received Import Request.
  Time since last request: 0.000015 seconds.
  path: Assets/Material/Light_On.mat
  artifactKey: Guid(4f6abc3542fb4d0409534662e4d004ff) Importer(2089858483,d624ce77472d68a35037170ec1d2d27e)
Start importing Assets/Material/Light_On.mat using Guid(4f6abc3542fb4d0409534662e4d004ff) Importer(2089858483,d624ce77472d68a35037170ec1d2d27e) (ScriptedImporter) -> (artifact id: '16b82034851a343a401e3814cd45ed15') in 0.0542732 seconds
Number of updated asset objects reloaded before import = 0Number of asset objects unloaded after import = 1

========================================================================
Received Import Request.
  Time since last request: 0.000026 seconds.
  path: Assets/_Prefab/UI/UI_Pause.prefab
  artifactKey: Guid(e73a0efb9b340be4e8a19caa6e8ec8b7) Importer(2089858483,d624ce77472d68a35037170ec1d2d27e)
Start importing Assets/_Prefab/UI/UI_Pause.prefab using Guid(e73a0efb9b340be4e8a19caa6e8ec8b7) Importer(2089858483,d624ce77472d68a35037170ec1d2d27e) (ScriptedImporter) -> (artifact id: 'c4ec2a4d450a396f7d451635ea33eff5') in 0.0830551 seconds
Number of updated asset objects reloaded before import = 0Number of asset objects unloaded after import = 283

========================================================================
Received Import Request.
  Time since last request: 0.000036 seconds.
  path: Assets/_Prefab/Item/Weapon/MP5.prefab
  artifactKey: Guid(f2022527f100d2a44af1ec975021b88b) Importer(2089858483,d624ce77472d68a35037170ec1d2d27e)
Start importing Assets/_Prefab/Item/Weapon/MP5.prefab using Guid(f2022527f100d2a44af1ec975021b88b) Importer(2089858483,d624ce77472d68a35037170ec1d2d27e) (ScriptedImporter)'MaiNull.Item.Weapon' is missing the class attribute 'ExtensionOfNativeClass'!
UnityEngine.Debug:ExtractStackTraceNoAlloc (byte*,int,string)
UnityEngine.StackTraceUtility:ExtractStackTrace ()
UnityEditor.AssetDatabase:LoadAssetAtPath (string,System.Type)
UnityEditor.AssetDatabase:LoadAssetAtPath<UnityEngine.GameObject> (string)
UnityEditor.Search.AssetIndexer:IndexDocument (string,bool)
UnityEditor.Search.SearchIndexArtifactImporter:OnImportAsset (UnityEditor.AssetImporters.AssetImportContext)
UnityEditor.AssetImporters.ScriptedImporter:GenerateAssetData (UnityEditor.AssetImporters.AssetImportContext)

[C:\build\output\unity\unity\Runtime\Scripting\ManagedReference\SerializableManagedRef.cpp line 149]

GameObject (named 'MP5') references runtime script in scene file. Fixing!
UnityEngine.Debug:ExtractStackTraceNoAlloc (byte*,int,string)
UnityEngine.StackTraceUtility:ExtractStackTrace ()
UnityEditor.AssetDatabase:LoadAssetAtPath (string,System.Type)
UnityEditor.AssetDatabase:LoadAssetAtPath<UnityEngine.GameObject> (string)
UnityEditor.Search.AssetIndexer:IndexDocument (string,bool)
UnityEditor.Search.SearchIndexArtifactImporter:OnImportAsset (UnityEditor.AssetImporters.AssetImportContext)
UnityEditor.AssetImporters.ScriptedImporter:GenerateAssetData (UnityEditor.AssetImporters.AssetImportContext)

[C:\build\output\unity\unity\Runtime\Mono\MonoBehaviour.cpp line 1061]

'MaiNull.Item.Weapon' is missing the class attribute 'ExtensionOfNativeClass'!
UnityEngine.Debug:ExtractStackTraceNoAlloc (byte*,int,string)
UnityEngine.StackTraceUtility:ExtractStackTrace ()
UnityEditor.AssetDatabase:LoadAssetAtPath (string,System.Type)
UnityEditor.AssetDatabase:LoadAssetAtPath<UnityEngine.GameObject> (string)
UnityEditor.Search.AssetIndexer:IndexDocument (string,bool)
UnityEditor.Search.SearchIndexArtifactImporter:OnImportAsset (UnityEditor.AssetImporters.AssetImportContext)
UnityEditor.AssetImporters.ScriptedImporter:GenerateAssetData (UnityEditor.AssetImporters.AssetImportContext)

[C:\build\output\unity\unity\Runtime\Scripting\ManagedReference\SerializableManagedRef.cpp line 149]

 -> (artifact id: '1af105159922c469073e2c15c8b4402e') in 0.0875493 seconds
Number of updated asset objects reloaded before import = 0Number of asset objects unloaded after import = 27

========================================================================
Received Import Request.
  Time since last request: 0.000067 seconds.
  path: Assets/Settings
  artifactKey: Guid(afb3a9ac0509c2340847442a05372d9a) Importer(2089858483,d624ce77472d68a35037170ec1d2d27e)
Start importing Assets/Settings using Guid(afb3a9ac0509c2340847442a05372d9a) Importer(2089858483,d624ce77472d68a35037170ec1d2d27e) (ScriptedImporter) -> (artifact id: '0aba784811c5d34d2ac813f137eb788e') in 0.0181979 seconds
Number of updated asset objects reloaded before import = 0Number of asset objects unloaded after import = 1

========================================================================
Received Import Request.
  Time since last request: 0.000029 seconds.
  path: Assets/_Script/Singleton/GameManager.cs
  artifactKey: Guid(22e1cff95f7d95b4c9fd994ac1712004) Importer(2089858483,d624ce77472d68a35037170ec1d2d27e)
Start importing Assets/_Script/Singleton/GameManager.cs using Guid(22e1cff95f7d95b4c9fd994ac1712004) Importer(2089858483,d624ce77472d68a35037170ec1d2d27e) (ScriptedImporter) -> (artifact id: '6cdb2745c9562810f50073c9a456703c') in 0.0193307 seconds
Number of updated asset objects reloaded before import = 0Number of asset objects unloaded after import = 0

========================================================================
Received Import Request.
  Time since last request: 0.000016 seconds.
  path: Assets/_Script/Item/AbilityData.cs
  artifactKey: Guid(47e64d40811f983468003e0c68ba4b6e) Importer(2089858483,d624ce77472d68a35037170ec1d2d27e)
Start importing Assets/_Script/Item/AbilityData.cs using Guid(47e64d40811f983468003e0c68ba4b6e) Importer(2089858483,d624ce77472d68a35037170ec1d2d27e) (ScriptedImporter) -> (artifact id: '80a46cf2ba6c1e413ea19442457fe6e5') in 0.0367994 seconds
Number of updated asset objects reloaded before import = 0Number of asset objects unloaded after import = 0

========================================================================
Received Import Request.
  Time since last request: 0.000019 seconds.
  path: Assets/_Prefab/UI/UI_Loading Screen.prefab
  artifactKey: Guid(ed2d24d2d9b90fe4bb8299b380126bb4) Importer(2089858483,d624ce77472d68a35037170ec1d2d27e)
Start importing Assets/_Prefab/UI/UI_Loading Screen.prefab using Guid(ed2d24d2d9b90fe4bb8299b380126bb4) Importer(2089858483,d624ce77472d68a35037170ec1d2d27e) (ScriptedImporter) -> (artifact id: '6b458a4046a75ca7baa39becc4cb6f53') in 0.0435811 seconds
Number of updated asset objects reloaded before import = 0Number of asset objects unloaded after import = 17

========================================================================
Received Import Request.
  Time since last request: 0.000029 seconds.
  path: Assets/Settings/High_PipelineAsset_ForwardRenderer.asset
  artifactKey: Guid(3dc553b079e5dec4fb38e8e7de840cc0) Importer(2089858483,d624ce77472d68a35037170ec1d2d27e)
Start importing Assets/Settings/High_PipelineAsset_ForwardRenderer.asset using Guid(3dc553b079e5dec4fb38e8e7de840cc0) Importer(2089858483,d624ce77472d68a35037170ec1d2d27e) (ScriptedImporter) -> (artifact id: 'e4a46c95502b48e649ea161ba3f6a5a8') in 0.5297507 seconds
Number of updated asset objects reloaded before import = 0Number of asset objects unloaded after import = 1

========================================================================
Received Import Request.
  Time since last request: 0.000027 seconds.
  path: Assets/Material/DB_Mag_01.mat
  artifactKey: Guid(a8dd1b6e388b3d34fbe0561cfc4a3f8c) Importer(2089858483,d624ce77472d68a35037170ec1d2d27e)
Start importing Assets/Material/DB_Mag_01.mat using Guid(a8dd1b6e388b3d34fbe0561cfc4a3f8c) Importer(2089858483,d624ce77472d68a35037170ec1d2d27e) (ScriptedImporter) -> (artifact id: '5a48a5508c461ca8b9fca80f571d1343') in 0.1492134 seconds
Number of updated asset objects reloaded before import = 0Number of asset objects unloaded after import = 3

========================================================================
Received Import Request.
  Time since last request: 0.000034 seconds.
  path: Assets/_Script/EnemyAi.cs
  artifactKey: Guid(d7f14512deb876544bf5e20aa31cf842) Importer(2089858483,d624ce77472d68a35037170ec1d2d27e)
Start importing Assets/_Script/EnemyAi.cs using Guid(d7f14512deb876544bf5e20aa31cf842) Importer(2089858483,d624ce77472d68a35037170ec1d2d27e) (ScriptedImporter) -> (artifact id: '2b77d6cb8b93fc6ddf405f38a3eb5b81') in 0.0342552 seconds
Number of updated asset objects reloaded before import = 0Number of asset objects unloaded after import = 0

========================================================================
Received Import Request.
  Time since last request: 0.000015 seconds.
  path: Assets/_Script/Item
  artifactKey: Guid(033877c0554028d49833e25acdc49548) Importer(2089858483,d624ce77472d68a35037170ec1d2d27e)
Start importing Assets/_Script/Item using Guid(033877c0554028d49833e25acdc49548) Importer(2089858483,d624ce77472d68a35037170ec1d2d27e) (ScriptedImporter) -> (artifact id: 'bda792de6f79dc9c404e78acc2065463') in 0.0185109 seconds
Number of updated asset objects reloaded before import = 0Number of asset objects unloaded after import = 1

========================================================================
Received Import Request.
  Time since last request: 0.000020 seconds.
  path: Assets/Settings/Medium_PipelineAsset_ForwardRenderer.asset
  artifactKey: Guid(65c8fc1503adf5048ab15cc2add09e76) Importer(2089858483,d624ce77472d68a35037170ec1d2d27e)
Start importing Assets/Settings/Medium_PipelineAsset_ForwardRenderer.asset using Guid(65c8fc1503adf5048ab15cc2add09e76) Importer(2089858483,d624ce77472d68a35037170ec1d2d27e) (ScriptedImporter) -> (artifact id: 'c13c1420b323c9266f5fa1080238f3b8') in 0.0177256 seconds
Number of updated asset objects reloaded before import = 0Number of asset objects unloaded after import = 1

========================================================================
Received Import Request.
  Time since last request: 0.000025 seconds.
  path: Assets/TextMesh Pro/Examples & Extras/Scenes/12 - Link ExampleSettings.lighting
  artifactKey: Guid(95c44bba9ef398c4f86699480e1a5ff7) Importer(2089858483,d624ce77472d68a35037170ec1d2d27e)
Start importing Assets/TextMesh Pro/Examples & Extras/Scenes/12 - Link ExampleSettings.lighting using Guid(95c44bba9ef398c4f86699480e1a5ff7) Importer(2089858483,d624ce77472d68a35037170ec1d2d27e) (ScriptedImporter)LightingSettings: switching bake backend from 2 to 1.
 -> (artifact id: 'd9527f4da2662028fe0c571ab283df1a') in 0.2474117 seconds
Number of updated asset objects reloaded before import = 0Number of asset objects unloaded after import = 1

========================================================================
Received Import Request.
  Time since last request: 0.000020 seconds.
  path: Assets/TextMesh Pro/Examples & Extras/Scenes/28 - HDRP Shader Example.unity
  artifactKey: Guid(eea2b7206368b444e84fbec4ec32b64a) Importer(2089858483,d624ce77472d68a35037170ec1d2d27e)
Start importing Assets/TextMesh Pro/Examples & Extras/Scenes/28 - HDRP Shader Example.unity using Guid(eea2b7206368b444e84fbec4ec32b64a) Importer(2089858483,d624ce77472d68a35037170ec1d2d27e) (ScriptedImporter) -> (artifact id: '201174a91a2cbd9ce8b9c4c6d9f66964') in 0.0105473 seconds
Number of updated asset objects reloaded before import = 0Number of asset objects unloaded after import = 1

========================================================================
Received Import Request.
  Time since last request: 0.000026 seconds.
  path: Assets/_Script/EnemyWaveTracker.cs
  artifactKey: Guid(067f4097034cabd4ca8b1884d344a36a) Importer(2089858483,d624ce77472d68a35037170ec1d2d27e)
Start importing Assets/_Script/EnemyWaveTracker.cs using Guid(067f4097034cabd4ca8b1884d344a36a) Importer(2089858483,d624ce77472d68a35037170ec1d2d27e) (ScriptedImporter) -> (artifact id: '6ccc112b77f013591abb12c31459098d') in 0.0197541 seconds
Number of updated asset objects reloaded before import = 0Number of asset objects unloaded after import = 0

========================================================================
Received Import Request.
  Time since last request: 0.000018 seconds.
  path: Assets/_Script/EnemyWeaponInteraction.cs
  artifactKey: Guid(2df6f0c679b734240af2017b762e7270) Importer(2089858483,d624ce77472d68a35037170ec1d2d27e)
Start importing Assets/_Script/EnemyWeaponInteraction.cs using Guid(2df6f0c679b734240af2017b762e7270) Importer(2089858483,d624ce77472d68a35037170ec1d2d27e) (ScriptedImporter) -> (artifact id: 'd7b9ad7efeac32e6cd68239cb63677c3') in 0.0132689 seconds
Number of updated asset objects reloaded before import = 0Number of asset objects unloaded after import = 0

========================================================================
Received Import Request.
  Time since last request: 0.000016 seconds.
  path: Assets/_Script/Item/HealingItemData.cs
  artifactKey: Guid(75716941be420cb48851354549f4d883) Importer(2089858483,d624ce77472d68a35037170ec1d2d27e)
Start importing Assets/_Script/Item/HealingItemData.cs using Guid(75716941be420cb48851354549f4d883) Importer(2089858483,d624ce77472d68a35037170ec1d2d27e) (ScriptedImporter) -> (artifact id: '15cdd58fb82441bf635332f4f3877d60') in 0.0181803 seconds
Number of updated asset objects reloaded before import = 0Number of asset objects unloaded after import = 0

========================================================================
Received Import Request.
  Time since last request: 0.000023 seconds.
  path: Assets/_Scriptable Object/Consumable
  artifactKey: Guid(7f847cfbf19565649b01fbde5797f752) Importer(2089858483,d624ce77472d68a35037170ec1d2d27e)
Start importing Assets/_Scriptable Object/Consumable using Guid(7f847cfbf19565649b01fbde5797f752) Importer(2089858483,d624ce77472d68a35037170ec1d2d27e) (ScriptedImporter) -> (artifact id: '6563844fd0c9981a3a41f92623625ef6') in 0.0205196 seconds
Number of updated asset objects reloaded before import = 0Number of asset objects unloaded after import = 1

========================================================================
Received Import Request.
  Time since last request: 0.000070 seconds.
  path: Assets/TextMesh Pro/Examples & Extras/Scenes/18 - ScrollRect & Masking & LayoutSettings.lighting
  artifactKey: Guid(8ae6efbd7ee974243b7baac7b96083dc) Importer(2089858483,d624ce77472d68a35037170ec1d2d27e)
Start importing Assets/TextMesh Pro/Examples & Extras/Scenes/18 - ScrollRect & Masking & LayoutSettings.lighting using Guid(8ae6efbd7ee974243b7baac7b96083dc) Importer(2089858483,d624ce77472d68a35037170ec1d2d27e) (ScriptedImporter)LightingSettings: switching bake backend from 2 to 1.
 -> (artifact id: '56bc57cb5e40cafcd5e4ed306b609d17') in 0.0552375 seconds
Number of updated asset objects reloaded before import = 0Number of asset objects unloaded after import = 1

========================================================================
Received Import Request.
  Time since last request: 0.000016 seconds.
  path: Assets/_Scene/House.unity
  artifactKey: Guid(8b23f1655c85d7e4598d443f28bd1f23) Importer(2089858483,d624ce77472d68a35037170ec1d2d27e)
Start importing Assets/_Scene/House.unity using Guid(8b23f1655c85d7e4598d443f28bd1f23) Importer(2089858483,d624ce77472d68a35037170ec1d2d27e) (ScriptedImporter) -> (artifact id: '35dc99dd5129f47482c36bd52a52bbd0') in 0.0116447 seconds
Number of updated asset objects reloaded before import = 0Number of asset objects unloaded after import = 1

========================================================================
Received Import Request.
  Time since last request: 0.000018 seconds.
  path: Assets/_Script/PickableKeycard.cs
  artifactKey: Guid(2f940be8ffb6f484fa7a179eeb9aad6b) Importer(2089858483,d624ce77472d68a35037170ec1d2d27e)
Start importing Assets/_Script/PickableKeycard.cs using Guid(2f940be8ffb6f484fa7a179eeb9aad6b) Importer(2089858483,d624ce77472d68a35037170ec1d2d27e) (ScriptedImporter) -> (artifact id: '74b5681aa4410eea1ccc1cf45ff15589') in 0.0276637 seconds
Number of updated asset objects reloaded before import = 0Number of asset objects unloaded after import = 0

========================================================================
Received Import Request.
  Time since last request: 0.000026 seconds.
  path: Assets/_Prefab/Particle/MF_DB.prefab
  artifactKey: Guid(db3a34192a3b02f44ad5c5f4809c75b9) Importer(2089858483,d624ce77472d68a35037170ec1d2d27e)
Start importing Assets/_Prefab/Particle/MF_DB.prefab using Guid(db3a34192a3b02f44ad5c5f4809c75b9) Importer(2089858483,d624ce77472d68a35037170ec1d2d27e) (ScriptedImporter) -> (artifact id: '23db22d8aa4058a9c4bc4e06dfe80321') in 0.0536749 seconds
Number of updated asset objects reloaded before import = 0Number of asset objects unloaded after import = 9

========================================================================
Received Import Request.
  Time since last request: 0.000017 seconds.
  path: Assets/_Script/Inventory.cs
  artifactKey: Guid(85c149d5e4e748546afab6152c9a29c8) Importer(2089858483,d624ce77472d68a35037170ec1d2d27e)
Start importing Assets/_Script/Inventory.cs using Guid(85c149d5e4e748546afab6152c9a29c8) Importer(2089858483,d624ce77472d68a35037170ec1d2d27e) (ScriptedImporter) -> (artifact id: '6bec942a430adb67a32a858d3f89fee2') in 0.0187559 seconds
Number of updated asset objects reloaded before import = 0Number of asset objects unloaded after import = 0

========================================================================
Received Import Request.
  Time since last request: 0.000019 seconds.
  path: Assets/Anim Controller/PlayerCameraAnimator.controller
  artifactKey: Guid(049e74e3039771a42a0ffa79d1d51c87) Importer(2089858483,d624ce77472d68a35037170ec1d2d27e)
Start importing Assets/Anim Controller/PlayerCameraAnimator.controller using Guid(049e74e3039771a42a0ffa79d1d51c87) Importer(2089858483,d624ce77472d68a35037170ec1d2d27e) (ScriptedImporter) -> (artifact id: 'd8f07976e5c0b6776631cad9595b95b3') in 0.0145556 seconds
Number of updated asset objects reloaded before import = 0Number of asset objects unloaded after import = 17

========================================================================
Received Import Request.
  Time since last request: 0.000025 seconds.
  path: Assets/TextMesh Pro/Examples & Extras/Scenes/19 - Masking Texture & Soft Mask.unity
  artifactKey: Guid(9abcd5bd764646568a6ea70d00f9264c) Importer(2089858483,d624ce77472d68a35037170ec1d2d27e)
Start importing Assets/TextMesh Pro/Examples & Extras/Scenes/19 - Masking Texture & Soft Mask.unity using Guid(9abcd5bd764646568a6ea70d00f9264c) Importer(2089858483,d624ce77472d68a35037170ec1d2d27e) (ScriptedImporter) -> (artifact id: '45e7108cc170d33e32402081aed91287') in 0.0117308 seconds
Number of updated asset objects reloaded before import = 0Number of asset objects unloaded after import = 1

========================================================================
Received Import Request.
  Time since last request: 0.000014 seconds.
  path: Assets/Anim Controller/ElevatorAnimator.controller
  artifactKey: Guid(336bbfe54d5dfe14fa0bb48239488258) Importer(2089858483,d624ce77472d68a35037170ec1d2d27e)
Start importing Assets/Anim Controller/ElevatorAnimator.controller using Guid(336bbfe54d5dfe14fa0bb48239488258) Importer(2089858483,d624ce77472d68a35037170ec1d2d27e) (ScriptedImporter) -> (artifact id: '571971fe28b654b8f08ef3e842837341') in 0.1030835 seconds
Number of updated asset objects reloaded before import = 0Number of asset objects unloaded after import = 12

========================================================================
Received Import Request.
  Time since last request: 0.000024 seconds.
  path: Assets/_Prefab/Character/Player_Camera.prefab
  artifactKey: Guid(b8bedfecd76e91348953f0b5c7577207) Importer(2089858483,d624ce77472d68a35037170ec1d2d27e)
Start importing Assets/_Prefab/Character/Player_Camera.prefab using Guid(b8bedfecd76e91348953f0b5c7577207) Importer(2089858483,d624ce77472d68a35037170ec1d2d27e) (ScriptedImporter) -> (artifact id: '4cb4e543122760c772684b626426d4e4') in 0.0552471 seconds
Number of updated asset objects reloaded before import = 0Number of asset objects unloaded after import = 33

========================================================================
Received Import Request.
  Time since last request: 0.000024 seconds.
  path: Assets/Anim/PlayerCamera_ReloadStart.anim
  artifactKey: Guid(dc048be461b0f6c4298bbc12f5773774) Importer(2089858483,d624ce77472d68a35037170ec1d2d27e)
Start importing Assets/Anim/PlayerCamera_ReloadStart.anim using Guid(dc048be461b0f6c4298bbc12f5773774) Importer(2089858483,d624ce77472d68a35037170ec1d2d27e) (ScriptedImporter) -> (artifact id: '5e96ad240d7a5d01c2c5317d02fb32d8') in 0.0258238 seconds
Number of updated asset objects reloaded before import = 0Number of asset objects unloaded after import = 1

========================================================================
Received Import Request.
  Time since last request: 0.000015 seconds.
  path: Assets/Material/Desk_Wood.mat
  artifactKey: Guid(73f1c8bf690378343967d4e370a9a216) Importer(2089858483,d624ce77472d68a35037170ec1d2d27e)
Start importing Assets/Material/Desk_Wood.mat using Guid(73f1c8bf690378343967d4e370a9a216) Importer(2089858483,d624ce77472d68a35037170ec1d2d27e) (ScriptedImporter) -> (artifact id: '1f4cf73465eee1ee79b36cca6f95eaf3') in 0.0838217 seconds
Number of updated asset objects reloaded before import = 0Number of asset objects unloaded after import = 4

========================================================================
Received Import Request.
  Time since last request: 0.000018 seconds.
  path: Assets/TextMesh Pro/Examples & Extras/Scenes/09 - Margin Tag ExampleSettings.lighting
  artifactKey: Guid(72a5e22ddf6024842b7415cb43a1e889) Importer(2089858483,d624ce77472d68a35037170ec1d2d27e)
Start importing Assets/TextMesh Pro/Examples & Extras/Scenes/09 - Margin Tag ExampleSettings.lighting using Guid(72a5e22ddf6024842b7415cb43a1e889) Importer(2089858483,d624ce77472d68a35037170ec1d2d27e) (ScriptedImporter)LightingSettings: switching bake backend from 2 to 1.
 -> (artifact id: '0674f13cdbb81099397eca205632dcfb') in 0.0369884 seconds
Number of updated asset objects reloaded before import = 0Number of asset objects unloaded after import = 1

========================================================================
Received Import Request.
  Time since last request: 0.000027 seconds.
  path: Assets/Anim Controller/WeaponAnimator.controller
  artifactKey: Guid(1523149f122cd704c99549905c1f7c55) Importer(2089858483,d624ce77472d68a35037170ec1d2d27e)
Start importing Assets/Anim Controller/WeaponAnimator.controller using Guid(1523149f122cd704c99549905c1f7c55) Importer(2089858483,d624ce77472d68a35037170ec1d2d27e) (ScriptedImporter) -> (artifact id: 'e42e8cdd5bf42217040ace588bf0305b') in 0.0307355 seconds
Number of updated asset objects reloaded before import = 0Number of asset objects unloaded after import = 6

========================================================================
Received Import Request.
  Time since last request: 0.000015 seconds.
  path: Assets/_Scriptable Object/Keycard/Keycard_Red.asset
  artifactKey: Guid(62fb5c859f021854a9c359c0153df946) Importer(2089858483,d624ce77472d68a35037170ec1d2d27e)
Start importing Assets/_Scriptable Object/Keycard/Keycard_Red.asset using Guid(62fb5c859f021854a9c359c0153df946) Importer(2089858483,d624ce77472d68a35037170ec1d2d27e) (ScriptedImporter) -> (artifact id: '2edc859277c141c6595c81c38374ab7e') in 0.0416804 seconds
Number of updated asset objects reloaded before import = 0Number of asset objects unloaded after import = 16

========================================================================
Received Import Request.
  Time since last request: 0.000024 seconds.
  path: Assets/_Scene/Office
  artifactKey: Guid(181c83b829ff3324a90457f128de666b) Importer(2089858483,d624ce77472d68a35037170ec1d2d27e)
Start importing Assets/_Scene/Office using Guid(181c83b829ff3324a90457f128de666b) Importer(2089858483,d624ce77472d68a35037170ec1d2d27e) (ScriptedImporter) -> (artifact id: 'a3ea16b46b185a5ce1a64eded749ddb7') in 0.0110856 seconds
Number of updated asset objects reloaded before import = 0Number of asset objects unloaded after import = 1

========================================================================
Received Import Request.
  Time since last request: 0.000024 seconds.
  path: Assets/_Script/WaveEnemySpawner.cs
  artifactKey: Guid(fd1c172d4ea92b14397c1cb7518298ab) Importer(2089858483,d624ce77472d68a35037170ec1d2d27e)
Start importing Assets/_Script/WaveEnemySpawner.cs using Guid(fd1c172d4ea92b14397c1cb7518298ab) Importer(2089858483,d624ce77472d68a35037170ec1d2d27e) (ScriptedImporter) -> (artifact id: '69adc295f07c4822465e42772c4f9702') in 0.0205117 seconds
Number of updated asset objects reloaded before import = 0Number of asset objects unloaded after import = 0

========================================================================
Received Import Request.
  Time since last request: 0.000014 seconds.
  path: Assets/Input Action/InputSystem.inputsettings.asset
  artifactKey: Guid(ba57ec399f44e48498302237d79a0a31) Importer(2089858483,d624ce77472d68a35037170ec1d2d27e)
Start importing Assets/Input Action/InputSystem.inputsettings.asset using Guid(ba57ec399f44e48498302237d79a0a31) Importer(2089858483,d624ce77472d68a35037170ec1d2d27e) (ScriptedImporter) -> (artifact id: 'af835e998abef079f9b596a7230c56c7') in 0.0158556 seconds
Number of updated asset objects reloaded before import = 0Number of asset objects unloaded after import = 1

========================================================================
Received Import Request.
  Time since last request: 0.000015 seconds.
  path: Assets/TextMesh Pro/Examples & Extras/Materials/Ground - Logo Scene.mat
  artifactKey: Guid(c719e38f25a9480abd2480ab621a2949) Importer(2089858483,d624ce77472d68a35037170ec1d2d27e)
Start importing Assets/TextMesh Pro/Examples & Extras/Materials/Ground - Logo Scene.mat using Guid(c719e38f25a9480abd2480ab621a2949) Importer(2089858483,d624ce77472d68a35037170ec1d2d27e) (ScriptedImporter) -> (artifact id: '08d753fea64df9105d0b52a9f926030d') in 0.2934601 seconds
Number of updated asset objects reloaded before import = 0Number of asset objects unloaded after import = 2

========================================================================
Received Import Request.
  Time since last request: 0.000019 seconds.
  path: Assets/Material/Enemy.mat
  artifactKey: Guid(6e412e722285c964eb919dec9cd9db2a) Importer(2089858483,d624ce77472d68a35037170ec1d2d27e)
Start importing Assets/Material/Enemy.mat using Guid(6e412e722285c964eb919dec9cd9db2a) Importer(2089858483,d624ce77472d68a35037170ec1d2d27e) (ScriptedImporter) -> (artifact id: '1dbb9b458b8df5d1aa970c5aef9bd212') in 0.3549491 seconds
Number of updated asset objects reloaded before import = 0Number of asset objects unloaded after import = 3

========================================================================
Received Import Request.
  Time since last request: 0.000027 seconds.
  path: Assets/_Scene/Level/ReflectionProbe-4.exr
  artifactKey: Guid(e52fdc739b402f841a60ba53b7188e14) Importer(2089858483,d624ce77472d68a35037170ec1d2d27e)
Start importing Assets/_Scene/Level/ReflectionProbe-4.exr using Guid(e52fdc739b402f841a60ba53b7188e14) Importer(2089858483,d624ce77472d68a35037170ec1d2d27e) (ScriptedImporter) -> (artifact id: '92f8a9b2f9051a4f727401efcf7255a2') in 0.0430922 seconds
Number of updated asset objects reloaded before import = 0Number of asset objects unloaded after import = 1

========================================================================
Received Import Request.
  Time since last request: 0.000015 seconds.
  path: Assets/Material/DB_Mag_02.mat
  artifactKey: Guid(d0bfff016b94d284785608197e9b2a53) Importer(2089858483,d624ce77472d68a35037170ec1d2d27e)
Start importing Assets/Material/DB_Mag_02.mat using Guid(d0bfff016b94d284785608197e9b2a53) Importer(2089858483,d624ce77472d68a35037170ec1d2d27e) (ScriptedImporter) -> (artifact id: '41235a3818854764e931f49d4e062bba') in 0.0912022 seconds
Number of updated asset objects reloaded before import = 0Number of asset objects unloaded after import = 3

========================================================================
Received Import Request.
  Time since last request: 0.000018 seconds.
  path: Assets/TextMesh Pro/Examples & Extras/Scenes/11 - The Style TagSettings.lighting
  artifactKey: Guid(73b8414ffcf59a840a74c75cd5e43b6d) Importer(2089858483,d624ce77472d68a35037170ec1d2d27e)
Start importing Assets/TextMesh Pro/Examples & Extras/Scenes/11 - The Style TagSettings.lighting using Guid(73b8414ffcf59a840a74c75cd5e43b6d) Importer(2089858483,d624ce77472d68a35037170ec1d2d27e) (ScriptedImporter)LightingSettings: switching bake backend from 2 to 1.
 -> (artifact id: '11f8fc6445d468b8b5e4e263fee40766') in 0.0302057 seconds
Number of updated asset objects reloaded before import = 0Number of asset objects unloaded after import = 1

========================================================================
Received Import Request.
  Time since last request: 0.000024 seconds.
  path: Assets/_Scene/Level/ReflectionProbe-8.exr
  artifactKey: Guid(9fccf00df2357a84cac21eeb9ae5b132) Importer(2089858483,d624ce77472d68a35037170ec1d2d27e)
Start importing Assets/_Scene/Level/ReflectionProbe-8.exr using Guid(9fccf00df2357a84cac21eeb9ae5b132) Importer(2089858483,d624ce77472d68a35037170ec1d2d27e) (ScriptedImporter) -> (artifact id: '29a2e3cea3f7c7ab6e46c87fe7e076ca') in 0.0455132 seconds
Number of updated asset objects reloaded before import = 0Number of asset objects unloaded after import = 1

========================================================================
Received Import Request.
  Time since last request: 0.000014 seconds.
  path: Assets/TextMesh Pro/Examples & Extras/Prefabs/Text Popup.prefab
  artifactKey: Guid(b06f0e6c1dfa4356ac918da1bb32c603) Importer(2089858483,d624ce77472d68a35037170ec1d2d27e)
Start importing Assets/TextMesh Pro/Examples & Extras/Prefabs/Text Popup.prefab using Guid(b06f0e6c1dfa4356ac918da1bb32c603) Importer(2089858483,d624ce77472d68a35037170ec1d2d27e) (ScriptedImporter) -> (artifact id: 'dbc4107eff8530d1149da4525fed59c5') in 0.1421616 seconds
Number of updated asset objects reloaded before import = 0Number of asset objects unloaded after import = 21

========================================================================
Received Import Request.
  Time since last request: 0.000019 seconds.
  path: Assets/Material/Light.mat
  artifactKey: Guid(8a93c9353602bbb4e94039b552c7706a) Importer(2089858483,d624ce77472d68a35037170ec1d2d27e)
Start importing Assets/Material/Light.mat using Guid(8a93c9353602bbb4e94039b552c7706a) Importer(2089858483,d624ce77472d68a35037170ec1d2d27e) (ScriptedImporter) -> (artifact id: '8141d867f73d697777de0030cb234ac9') in 0.0226239 seconds
Number of updated asset objects reloaded before import = 0Number of asset objects unloaded after import = 1

========================================================================
Received Import Request.
  Time since last request: 0.000024 seconds.
  path: Assets/Post Processing Volume/Default Volume(URP).asset
  artifactKey: Guid(44374eb9f79732e43a49dd603ce03b80) Importer(2089858483,d624ce77472d68a35037170ec1d2d27e)
Start importing Assets/Post Processing Volume/Default Volume(URP).asset using Guid(44374eb9f79732e43a49dd603ce03b80) Importer(2089858483,d624ce77472d68a35037170ec1d2d27e) (ScriptedImporter) -> (artifact id: '525a1a69669a168c2bda694d75b22340') in 0.0414971 seconds
Number of updated asset objects reloaded before import = 0Number of asset objects unloaded after import = 13

========================================================================
Received Import Request.
  Time since last request: 0.000016 seconds.
  path: Assets/_Script/UI_Settings.cs
  artifactKey: Guid(8bc884efb78978f47a3eb32a39147453) Importer(2089858483,d624ce77472d68a35037170ec1d2d27e)
Start importing Assets/_Script/UI_Settings.cs using Guid(8bc884efb78978f47a3eb32a39147453) Importer(2089858483,d624ce77472d68a35037170ec1d2d27e) (ScriptedImporter) -> (artifact id: '384ce8ec7cdea573eabb31076a8f3567') in 0.0203959 seconds
Number of updated asset objects reloaded before import = 0Number of asset objects unloaded after import = 0

========================================================================
Received Import Request.
  Time since last request: 0.000017 seconds.
  path: Assets/Anim Controller/GarageDoorAnimator.controller
  artifactKey: Guid(98bc26fbff16abd42a6fee7e5bdde311) Importer(2089858483,d624ce77472d68a35037170ec1d2d27e)
Start importing Assets/Anim Controller/GarageDoorAnimator.controller using Guid(98bc26fbff16abd42a6fee7e5bdde311) Importer(2089858483,d624ce77472d68a35037170ec1d2d27e) (ScriptedImporter) -> (artifact id: 'df5d0a83914b991db87dbc5fb00f7b19') in 0.0344844 seconds
Number of updated asset objects reloaded before import = 0Number of asset objects unloaded after import = 5

========================================================================
Received Import Request.
  Time since last request: 0.000024 seconds.
  path: Assets/_Script/Item/PickableItem.cs
  artifactKey: Guid(89b783a06d7198d4182be8acf3f84682) Importer(2089858483,d624ce77472d68a35037170ec1d2d27e)
Start importing Assets/_Script/Item/PickableItem.cs using Guid(89b783a06d7198d4182be8acf3f84682) Importer(2089858483,d624ce77472d68a35037170ec1d2d27e) (ScriptedImporter) -> (artifact id: 'e62e21c04eae30d8873741b4eb048f51') in 0.0155986 seconds
Number of updated asset objects reloaded before import = 0Number of asset objects unloaded after import = 0

========================================================================
Received Import Request.
  Time since last request: 0.000015 seconds.
  path: Assets/_Script/BodyPart.cs
  artifactKey: Guid(f0b213dc7dca81747bd5408bd1a89f15) Importer(2089858483,d624ce77472d68a35037170ec1d2d27e)
Start importing Assets/_Script/BodyPart.cs using Guid(f0b213dc7dca81747bd5408bd1a89f15) Importer(2089858483,d624ce77472d68a35037170ec1d2d27e) (ScriptedImporter) -> (artifact id: '831a3cfa8be15553236acaa36054e059') in 0.0150298 seconds
Number of updated asset objects reloaded before import = 0Number of asset objects unloaded after import = 0

========================================================================
Received Import Request.
  Time since last request: 0.000017 seconds.
  path: Assets/Settings/High_PipelineAsset.asset
  artifactKey: Guid(8eae7e6b09fefd34ebf6102317cb6afc) Importer(2089858483,d624ce77472d68a35037170ec1d2d27e)
Start importing Assets/Settings/High_PipelineAsset.asset using Guid(8eae7e6b09fefd34ebf6102317cb6afc) Importer(2089858483,d624ce77472d68a35037170ec1d2d27e) (ScriptedImporter) -> (artifact id: '186d654c2c90ef1866f812da6eb33558') in 0.041852 seconds
Number of updated asset objects reloaded before import = 0Number of asset objects unloaded after import = 2

========================================================================
Received Import Request.
  Time since last request: 0.000028 seconds.
  path: Assets/Anim/Enemy_Idle.anim
  artifactKey: Guid(1ffed1ea79a7a6e4e984320628e09df7) Importer(2089858483,d624ce77472d68a35037170ec1d2d27e)
Start importing Assets/Anim/Enemy_Idle.anim using Guid(1ffed1ea79a7a6e4e984320628e09df7) Importer(2089858483,d624ce77472d68a35037170ec1d2d27e) (ScriptedImporter) -> (artifact id: 'c27f3686d8e05575cefce0654562b207') in 0.0158528 seconds
Number of updated asset objects reloaded before import = 0Number of asset objects unloaded after import = 1

========================================================================
Received Import Request.
  Time since last request: 0.000015 seconds.
  path: Assets/_Script/Player/PlayerInteract.cs
  artifactKey: Guid(ffe3c01bcd426f948ab6ffafef0a8734) Importer(2089858483,d624ce77472d68a35037170ec1d2d27e)
Start importing Assets/_Script/Player/PlayerInteract.cs using Guid(ffe3c01bcd426f948ab6ffafef0a8734) Importer(2089858483,d624ce77472d68a35037170ec1d2d27e) (ScriptedImporter) -> (artifact id: 'ce99d3c7579b1bbb71a3d8b486ef86ca') in 0.0123816 seconds
Number of updated asset objects reloaded before import = 0Number of asset objects unloaded after import = 0

========================================================================
Received Import Request.
  Time since last request: 0.000014 seconds.
  path: Assets/Material/Light_Off.mat
  artifactKey: Guid(02cdb49080c18da41ad90ac311b45a04) Importer(2089858483,d624ce77472d68a35037170ec1d2d27e)
Start importing Assets/Material/Light_Off.mat using Guid(02cdb49080c18da41ad90ac311b45a04) Importer(2089858483,d624ce77472d68a35037170ec1d2d27e) (ScriptedImporter) -> (artifact id: '2c327b6535332865ee1403bcf8633f66') in 0.1628301 seconds
Number of updated asset objects reloaded before import = 0Number of asset objects unloaded after import = 1

========================================================================
Received Import Request.
  Time since last request: 0.000018 seconds.
  path: Assets/_Prefab/UI/UI_Player.prefab
  artifactKey: Guid(5dcb84c8964177a489fe8804a33837d5) Importer(2089858483,d624ce77472d68a35037170ec1d2d27e)
Start importing Assets/_Prefab/UI/UI_Player.prefab using Guid(5dcb84c8964177a489fe8804a33837d5) Importer(2089858483,d624ce77472d68a35037170ec1d2d27e) (ScriptedImporter) -> (artifact id: 'f83dfb1999047a21b9634a6b93e087d9') in 0.1387672 seconds
Number of updated asset objects reloaded before import = 0Number of asset objects unloaded after import = 121

========================================================================
Received Import Request.
  Time since last request: 0.000024 seconds.
  path: Assets/TextMesh Pro/Examples & Extras/Scenes/25 - Sunny Days ExampleSettings.lighting
  artifactKey: Guid(1cec2da6f32a09447abc869db0427e7d) Importer(2089858483,d624ce77472d68a35037170ec1d2d27e)
Start importing Assets/TextMesh Pro/Examples & Extras/Scenes/25 - Sunny Days ExampleSettings.lighting using Guid(1cec2da6f32a09447abc869db0427e7d) Importer(2089858483,d624ce77472d68a35037170ec1d2d27e) (ScriptedImporter)LightingSettings: switching bake backend from 2 to 1.
 -> (artifact id: '577230f20e3bdc3eeb8c17ac95268eee') in 0.0304631 seconds
Number of updated asset objects reloaded before import = 0Number of asset objects unloaded after import = 1

========================================================================
Received Import Request.
  Time since last request: 0.000015 seconds.
  path: Assets/Material/Desk_Metal.mat
  artifactKey: Guid(175aee9d87d4ae944a922b2b9d285a79) Importer(2089858483,d624ce77472d68a35037170ec1d2d27e)
Start importing Assets/Material/Desk_Metal.mat using Guid(175aee9d87d4ae944a922b2b9d285a79) Importer(2089858483,d624ce77472d68a35037170ec1d2d27e) (ScriptedImporter) -> (artifact id: 'bf08a414a30e4737ded6e1edeeb6543c') in 0.030863 seconds
Number of updated asset objects reloaded before import = 0Number of asset objects unloaded after import = 4

========================================================================
Received Import Request.
  Time since last request: 0.000023 seconds.
  path: Assets/TextMesh Pro/Examples & Extras/Resources/Fonts & Materials/Bangers SDF Logo - URP.mat
  artifactKey: Guid(6751ce1a4611b3940812c13a6847d94f) Importer(2089858483,d624ce77472d68a35037170ec1d2d27e)
Start importing Assets/TextMesh Pro/Examples & Extras/Resources/Fonts & Materials/Bangers SDF Logo - URP.mat using Guid(6751ce1a4611b3940812c13a6847d94f) Importer(2089858483,d624ce77472d68a35037170ec1d2d27e) (ScriptedImporter) -> (artifact id: '91ae219702d71998debd7f2ec01b42d8') in 0.0586359 seconds
Number of updated asset objects reloaded before import = 0Number of asset objects unloaded after import = 5

========================================================================
Received Import Request.
  Time since last request: 0.000019 seconds.
  path: Assets/Universal Render Pipeline Asset.asset
  artifactKey: Guid(82c94b6da7bd9754dab278abc9de57cc) Importer(2089858483,d624ce77472d68a35037170ec1d2d27e)
Start importing Assets/Universal Render Pipeline Asset.asset using Guid(82c94b6da7bd9754dab278abc9de57cc) Importer(2089858483,d624ce77472d68a35037170ec1d2d27e) (ScriptedImporter) -> (artifact id: 'f71a864209ad1a863a25933f6e22e204') in 0.0379584 seconds
Number of updated asset objects reloaded before import = 0Number of asset objects unloaded after import = 2

========================================================================
Received Import Request.
  Time since last request: 0.000025 seconds.
  path: Assets/Material/Door_Light_Grey.mat
  artifactKey: Guid(5675c676c77e5a34f85857fb3b9f725c) Importer(2089858483,d624ce77472d68a35037170ec1d2d27e)
Start importing Assets/Material/Door_Light_Grey.mat using Guid(5675c676c77e5a34f85857fb3b9f725c) Importer(2089858483,d624ce77472d68a35037170ec1d2d27e) (ScriptedImporter) -> (artifact id: 'ebfadffd8ab0435197f134c7d93bf496') in 0.0332086 seconds
Number of updated asset objects reloaded before import = 0Number of asset objects unloaded after import = 2

========================================================================
Received Import Request.
  Time since last request: 0.000016 seconds.
  path: Assets/TextMesh Pro/Examples & Extras/Scenes/15 - Inline Graphics & SpritesSettings.lighting
  artifactKey: Guid(91e5dfa9483d414498977e5138794379) Importer(2089858483,d624ce77472d68a35037170ec1d2d27e)
Start importing Assets/TextMesh Pro/Examples & Extras/Scenes/15 - Inline Graphics & SpritesSettings.lighting using Guid(91e5dfa9483d414498977e5138794379) Importer(2089858483,d624ce77472d68a35037170ec1d2d27e) (ScriptedImporter)LightingSettings: switching bake backend from 2 to 1.
 -> (artifact id: 'c82e7b37a2c57320d95e1f46a920f9b7') in 0.0377266 seconds
Number of updated asset objects reloaded before import = 0Number of asset objects unloaded after import = 1

========================================================================
Received Import Request.
  Time since last request: 0.000015 seconds.
  path: Assets/Physics Material/Pmat_Player.physicMaterial
  artifactKey: Guid(3b894918c5b9f1f41a494106aafb5d09) Importer(2089858483,d624ce77472d68a35037170ec1d2d27e)
Start importing Assets/Physics Material/Pmat_Player.physicMaterial using Guid(3b894918c5b9f1f41a494106aafb5d09) Importer(2089858483,d624ce77472d68a35037170ec1d2d27e) (ScriptedImporter) -> (artifact id: '69a5b5397bdf7f0156d4c902fc6cbce7') in 0.0217106 seconds
Number of updated asset objects reloaded before import = 0Number of asset objects unloaded after import = 1

========================================================================
Received Import Request.
  Time since last request: 0.000020 seconds.
  path: Assets/_Prefab/UI/UI_Settings.prefab
  artifactKey: Guid(837561a87a697d145baf950eda8394bb) Importer(2089858483,d624ce77472d68a35037170ec1d2d27e)
Start importing Assets/_Prefab/UI/UI_Settings.prefab using Guid(837561a87a697d145baf950eda8394bb) Importer(2089858483,d624ce77472d68a35037170ec1d2d27e) (ScriptedImporter) -> (artifact id: 'cea35ee91a01bd4963145abc47ea19e2') in 0.1804692 seconds
Number of updated asset objects reloaded before import = 0Number of asset objects unloaded after import = 181

========================================================================
Received Import Request.
  Time since last request: 0.000025 seconds.
  path: Assets/_Script/Door.cs
  artifactKey: Guid(6d4f007dd720896408154c7e855dda3f) Importer(2089858483,d624ce77472d68a35037170ec1d2d27e)
Start importing Assets/_Script/Door.cs using Guid(6d4f007dd720896408154c7e855dda3f) Importer(2089858483,d624ce77472d68a35037170ec1d2d27e) (ScriptedImporter) -> (artifact id: '877fb92f08404c3e233a8db71839d343') in 0.0129035 seconds
Number of updated asset objects reloaded before import = 0Number of asset objects unloaded after import = 0

========================================================================
Received Import Request.
  Time since last request: 0.000016 seconds.
  path: Assets/TextMesh Pro/Examples & Extras/Scenes/12a - Text Interactions.unity
  artifactKey: Guid(08572ab7713642c8a60789750f0bce5c) Importer(2089858483,d624ce77472d68a35037170ec1d2d27e)
Start importing Assets/TextMesh Pro/Examples & Extras/Scenes/12a - Text Interactions.unity using Guid(08572ab7713642c8a60789750f0bce5c) Importer(2089858483,d624ce77472d68a35037170ec1d2d27e) (ScriptedImporter) -> (artifact id: '0a5f6a90cc420f8fdf9843ecc571c746') in 0.0544558 seconds
Number of updated asset objects reloaded before import = 0Number of asset objects unloaded after import = 1

========================================================================
Received Import Request.
  Time since last request: 0.000018 seconds.
  path: Assets/Material/Crate.mat
  artifactKey: Guid(49b439c3544e955419cdb7719507af28) Importer(2089858483,d624ce77472d68a35037170ec1d2d27e)
Start importing Assets/Material/Crate.mat using Guid(49b439c3544e955419cdb7719507af28) Importer(2089858483,d624ce77472d68a35037170ec1d2d27e) (ScriptedImporter) -> (artifact id: '970a6cb034b21874d461c4715f1473cb') in 0.088153 seconds
Number of updated asset objects reloaded before import = 0Number of asset objects unloaded after import = 4

========================================================================
Received Import Request.
  Time since last request: 0.000025 seconds.
  path: Assets/_Script/Item/AmmoDrop.cs
  artifactKey: Guid(20ded7a1e5f382c459327953da7f1033) Importer(2089858483,d624ce77472d68a35037170ec1d2d27e)
Start importing Assets/_Script/Item/AmmoDrop.cs using Guid(20ded7a1e5f382c459327953da7f1033) Importer(2089858483,d624ce77472d68a35037170ec1d2d27e) (ScriptedImporter) -> (artifact id: '461457716d65f843079d7e27b7edcc9d') in 0.0153044 seconds
Number of updated asset objects reloaded before import = 0Number of asset objects unloaded after import = 0

========================================================================
Received Import Request.
  Time since last request: 0.000014 seconds.
  path: Assets/_Script/UI_PlayerStats.cs
  artifactKey: Guid(2509c44e8e443864787d26ec10439b3c) Importer(2089858483,d624ce77472d68a35037170ec1d2d27e)
Start importing Assets/_Script/UI_PlayerStats.cs using Guid(2509c44e8e443864787d26ec10439b3c) Importer(2089858483,d624ce77472d68a35037170ec1d2d27e) (ScriptedImporter) -> (artifact id: '2404bc13d037523709185195a896715f') in 0.0109588 seconds
Number of updated asset objects reloaded before import = 0Number of asset objects unloaded after import = 0

========================================================================
Received Import Request.
  Time since last request: 0.000014 seconds.
  path: Assets/_Prefab/UI/UI_Inventory_Slot.prefab
  artifactKey: Guid(c0f9e685812111c4f856c38a43a08ec9) Importer(2089858483,d624ce77472d68a35037170ec1d2d27e)
Start importing Assets/_Prefab/UI/UI_Inventory_Slot.prefab using Guid(c0f9e685812111c4f856c38a43a08ec9) Importer(2089858483,d624ce77472d68a35037170ec1d2d27e) (ScriptedImporter) -> (artifact id: 'ffecd7c1d8bae1c8df6fa8c19e72a054') in 0.0548713 seconds
Number of updated asset objects reloaded before import = 0Number of asset objects unloaded after import = 6

========================================================================
Received Import Request.
  Time since last request: 0.000018 seconds.
  path: Assets/Anim/Enemy_Aim.anim
  artifactKey: Guid(e1ecf8b9014ab3b41b488ec927c92593) Importer(2089858483,d624ce77472d68a35037170ec1d2d27e)
Start importing Assets/Anim/Enemy_Aim.anim using Guid(e1ecf8b9014ab3b41b488ec927c92593) Importer(2089858483,d624ce77472d68a35037170ec1d2d27e) (ScriptedImporter) -> (artifact id: 'f01f4586c0cf7134c98da61df1281030') in 0.0151454 seconds
Number of updated asset objects reloaded before import = 0Number of asset objects unloaded after import = 1

========================================================================
Received Import Request.
  Time since last request: 0.000023 seconds.
  path: Assets/_Script/SceneEnd.cs
  artifactKey: Guid(a80db860df9e3a24b9f2fee12c1c095d) Importer(2089858483,d624ce77472d68a35037170ec1d2d27e)
Start importing Assets/_Script/SceneEnd.cs using Guid(a80db860df9e3a24b9f2fee12c1c095d) Importer(2089858483,d624ce77472d68a35037170ec1d2d27e) (ScriptedImporter) -> (artifact id: 'ed5155b1784cc8b3e17641f3c930f5ca') in 0.0127946 seconds
Number of updated asset objects reloaded before import = 0Number of asset objects unloaded after import = 0

========================================================================
Received Import Request.
  Time since last request: 0.000014 seconds.
  path: Assets/Material/Adrenaline.mat
  artifactKey: Guid(43e4bbdd475ae4243a963c5d98c7918e) Importer(2089858483,d624ce77472d68a35037170ec1d2d27e)
Start importing Assets/Material/Adrenaline.mat using Guid(43e4bbdd475ae4243a963c5d98c7918e) Importer(2089858483,d624ce77472d68a35037170ec1d2d27e) (ScriptedImporter) -> (artifact id: '7ef0167da70f5251f37cd97b400b997e') in 0.1613582 seconds
Number of updated asset objects reloaded before import = 0Number of asset objects unloaded after import = 5

========================================================================
Received Import Request.
  Time since last request: 0.000023 seconds.
  path: Assets/TextMesh Pro/Examples & Extras/Scenes/13 - Soft HyphenationSettings.lighting
  artifactKey: Guid(2b2836539ffb9b447ba14bb92647501c) Importer(2089858483,d624ce77472d68a35037170ec1d2d27e)
Start importing Assets/TextMesh Pro/Examples & Extras/Scenes/13 - Soft HyphenationSettings.lighting using Guid(2b2836539ffb9b447ba14bb92647501c) Importer(2089858483,d624ce77472d68a35037170ec1d2d27e) (ScriptedImporter)LightingSettings: switching bake backend from 2 to 1.
 -> (artifact id: 'a29626017a437416a453cf8927e84606') in 0.2428538 seconds
Number of updated asset objects reloaded before import = 0Number of asset objects unloaded after import = 1

========================================================================
Received Import Request.
  Time since last request: 0.000026 seconds.
  path: Assets/Tables/Items_data.csv
  artifactKey: Guid(f7c391bae1225ea4e8e9f6cf5d2641a1) Importer(2089858483,d624ce77472d68a35037170ec1d2d27e)
Start importing Assets/Tables/Items_data.csv using Guid(f7c391bae1225ea4e8e9f6cf5d2641a1) Importer(2089858483,d624ce77472d68a35037170ec1d2d27e) (ScriptedImporter) -> (artifact id: 'f1911d30aa43184eb6dbaf60104954b2') in 0.0417063 seconds
Number of updated asset objects reloaded before import = 0Number of asset objects unloaded after import = 1

========================================================================
Received Import Request.
  Time since last request: 0.000023 seconds.
  path: Assets/_Scene/Office.unity
  artifactKey: Guid(f722c52ea3b83e04ca6ac1dd1ad57f35) Importer(2089858483,d624ce77472d68a35037170ec1d2d27e)
Start importing Assets/_Scene/Office.unity using Guid(f722c52ea3b83e04ca6ac1dd1ad57f35) Importer(2089858483,d624ce77472d68a35037170ec1d2d27e) (ScriptedImporter) -> (artifact id: '7d64fc190dc8e154e3821dc036f23ba8') in 0.0112767 seconds
Number of updated asset objects reloaded before import = 0Number of asset objects unloaded after import = 1

========================================================================
Received Import Request.
  Time since last request: 0.000015 seconds.
  path: Assets/_Script/Player/PlayerWeaponHolder.cs
  artifactKey: Guid(c866cb8066b415842bc6b16c1d7eb87f) Importer(2089858483,d624ce77472d68a35037170ec1d2d27e)
Start importing Assets/_Script/Player/PlayerWeaponHolder.cs using Guid(c866cb8066b415842bc6b16c1d7eb87f) Importer(2089858483,d624ce77472d68a35037170ec1d2d27e) (ScriptedImporter) -> (artifact id: 'e0a2b37b390cbf04d57a9074e2bebe8c') in 0.0152111 seconds
Number of updated asset objects reloaded before import = 0Number of asset objects unloaded after import = 0

========================================================================
Received Import Request.
  Time since last request: 0.000019 seconds.
  path: Assets/_Scriptable Object/Keycard
  artifactKey: Guid(af69f999fc66e0c428476d84a0e6c423) Importer(2089858483,d624ce77472d68a35037170ec1d2d27e)
Start importing Assets/_Scriptable Object/Keycard using Guid(af69f999fc66e0c428476d84a0e6c423) Importer(2089858483,d624ce77472d68a35037170ec1d2d27e) (ScriptedImporter) -> (artifact id: '61ae94a89fe360c2e95e806861dc37cf') in 0.0202072 seconds
Number of updated asset objects reloaded before import = 0Number of asset objects unloaded after import = 1

========================================================================
Received Import Request.
  Time since last request: 0.000024 seconds.
  path: Assets/_Script/Player/PlayerCameraAnimationManager.cs
  artifactKey: Guid(a8f3f8a183a0afb488f6075482a3d10c) Importer(2089858483,d624ce77472d68a35037170ec1d2d27e)
Start importing Assets/_Script/Player/PlayerCameraAnimationManager.cs using Guid(a8f3f8a183a0afb488f6075482a3d10c) Importer(2089858483,d624ce77472d68a35037170ec1d2d27e) (ScriptedImporter) -> (artifact id: '5b6263cede4a050e42f3daf6ef89e30d') in 0.0110168 seconds
Number of updated asset objects reloaded before import = 0Number of asset objects unloaded after import = 0

========================================================================
Received Import Request.
  Time since last request: 0.000015 seconds.
  path: Assets/_Script/Player/CameraShake.cs
  artifactKey: Guid(5e998a9d22301d14799a943172849f5e) Importer(2089858483,d624ce77472d68a35037170ec1d2d27e)
Start importing Assets/_Script/Player/CameraShake.cs using Guid(5e998a9d22301d14799a943172849f5e) Importer(2089858483,d624ce77472d68a35037170ec1d2d27e) (ScriptedImporter) -> (artifact id: '371202830e9ab53a9e5547ca91dcadfc') in 0.0114447 seconds
Number of updated asset objects reloaded before import = 0Number of asset objects unloaded after import = 0

========================================================================
Received Import Request.
  Time since last request: 0.000015 seconds.
  path: Assets/_Scene/Level/ReflectionProbe-5.exr
  artifactKey: Guid(4e1c6499b282704489735bf2e7f2dc9e) Importer(2089858483,d624ce77472d68a35037170ec1d2d27e)
Start importing Assets/_Scene/Level/ReflectionProbe-5.exr using Guid(4e1c6499b282704489735bf2e7f2dc9e) Importer(2089858483,d624ce77472d68a35037170ec1d2d27e) (ScriptedImporter) -> (artifact id: '34c110ed176e4aa1a991a3060d4b7f7f') in 0.0357649 seconds
Number of updated asset objects reloaded before import = 0Number of asset objects unloaded after import = 1

========================================================================
Received Import Request.
  Time since last request: 0.000019 seconds.
  path: Assets/_Prefab/Item/Consumable/Medkit.prefab
  artifactKey: Guid(092753d7d4c33c64ebdf515d0ded71e4) Importer(2089858483,d624ce77472d68a35037170ec1d2d27e)
Start importing Assets/_Prefab/Item/Consumable/Medkit.prefab using Guid(092753d7d4c33c64ebdf515d0ded71e4) Importer(2089858483,d624ce77472d68a35037170ec1d2d27e) (ScriptedImporter) -> (artifact id: '00f87f2ba54a82847e96e9c33289747e') in 0.0497413 seconds
Number of updated asset objects reloaded before import = 0Number of asset objects unloaded after import = 11

========================================================================
Received Import Request.
  Time since last request: 0.000025 seconds.
  path: Assets/_Scriptable Object/Ammo
  artifactKey: Guid(bf7d2e93ad7734f48b9bcf6090288674) Importer(2089858483,d624ce77472d68a35037170ec1d2d27e)
Start importing Assets/_Scriptable Object/Ammo using Guid(bf7d2e93ad7734f48b9bcf6090288674) Importer(2089858483,d624ce77472d68a35037170ec1d2d27e) (ScriptedImporter) -> (artifact id: '8cc12cfe49893963745fb39fdec3d387') in 0.0131224 seconds
Number of updated asset objects reloaded before import = 0Number of asset objects unloaded after import = 1

========================================================================
Received Import Request.
  Time since last request: 0.000016 seconds.
  path: Assets/Material/Chair.mat
  artifactKey: Guid(764ddb9c4020f8945baccb9f70421b9d) Importer(2089858483,d624ce77472d68a35037170ec1d2d27e)
Start importing Assets/Material/Chair.mat using Guid(764ddb9c4020f8945baccb9f70421b9d) Importer(2089858483,d624ce77472d68a35037170ec1d2d27e) (ScriptedImporter) -> (artifact id: '1831c03aa9e8d082f5aaac63bfb7e0ba') in 0.2247692 seconds
Number of updated asset objects reloaded before import = 0Number of asset objects unloaded after import = 4

========================================================================
Received Import Request.
  Time since last request: 0.000023 seconds.
  path: Assets/_Script/Player/MoveAndSlide.cs
  artifactKey: Guid(e7b54f1c5f8484c40930ccaedb553f21) Importer(2089858483,d624ce77472d68a35037170ec1d2d27e)
Start importing Assets/_Script/Player/MoveAndSlide.cs using Guid(e7b54f1c5f8484c40930ccaedb553f21) Importer(2089858483,d624ce77472d68a35037170ec1d2d27e) (ScriptedImporter) -> (artifact id: '1e8456137591a8e95cd3d58b75c666e7') in 0.0215209 seconds
Number of updated asset objects reloaded before import = 0Number of asset objects unloaded after import = 0

========================================================================
Received Prepare
Begin MonoManager ReloadAssembly
[Licensing::Client] Successfully resolved entitlement details
[Licensing::Module] License group:
  Id: F4-MDN9-DCJU-STJA-WJ2X-XXXX
  Product: Unity Personal
  Type: ULF
  Expiration: Unlimited
[Licensing::Module] License group:
  Id: 4673211846037-UnityPersXXXX
  Product: Unity Personal
  Type: Assigned
  Expiration: Unlimited
ADTM: Control thread waiting for realtime thread timed out, have to lock...
- Loaded All Assemblies, in  1.991 seconds
Refreshing native plugins compatible for Editor in 1.61 ms, found 3 plugins.
Native extension for WindowsStandalone target not found
[Package Manager] Failed to launch server process. Reason: Unity was launched with the -noUpm command-line argument
[Package Manager] Unable to send message (not connected to server process).
[Package Manager] Cannot connect to Unity Package Manager local server
[MODES] ModeService[none].Initialize
[MODES] ModeService[none].LoadModes
[Package Manager] Failed to launch server process. Reason: Unity was launched with the -noUpm command-line argument
[Package Manager] Unable to send message (not connected to server process).
[Package Manager] Cannot connect to Unity Package Manager local server
ScheduleIndexationOnStartup MainProcess:False IndexOnStartup:True
Mono: successfully reloaded assembly
- Finished resetting the current domain, in  1.039 seconds
Domain Reload Profiling: 3026ms
	BeginReloadAssembly (1315ms)
		ExecutionOrderSort (0ms)
		DisableScriptedObjects (15ms)
		BackupInstance (0ms)
		ReleaseScriptingObjects (0ms)
		CreateAndSetChildDomain (1073ms)
	RebuildCommonClasses (67ms)
	RebuildNativeTypeToScriptingClass (26ms)
	initialDomainReloadingComplete (53ms)
	LoadAllAssembliesAndSetupDomain (527ms)
		LoadAssemblies (450ms)
		RebuildTransferFunctionScriptingTraits (0ms)
		AnalyzeDomain (221ms)
			TypeCache.Refresh (12ms)
				TypeCache.ScanAssembly (2ms)
			BuildScriptInfoCaches (192ms)
			ResolveRequiredComponents (12ms)
	FinalizeReload (1039ms)
		ReleaseScriptCaches (0ms)
		RebuildScriptCaches (0ms)
		SetupLoadedEditorAssemblies (721ms)
			LogAssemblyErrors (0ms)
			InitializePlatformSupportModulesInManaged (2ms)
			SetLoadedEditorAssemblies (5ms)
			BeforeProcessingInitializeOnLoad (177ms)
			ProcessInitializeOnLoadAttributes (450ms)
			ProcessInitializeOnLoadMethodAttributes (76ms)
			AfterProcessingInitializeOnLoad (11ms)
			EditorAssembliesLoaded (0ms)
		ExecutionOrderSort2 (0ms)
		AwakeInstancesAfterBackupRestoration (27ms)
Refreshing native plugins compatible for Editor in 1.69 ms, found 3 plugins.
Preloading 0 native plugins for Editor in 0.00 ms.
Unloading 29 Unused Serialized files (Serialized files now loaded: 0)
Unloading 5546 unused Assets / (6.4 MB). Loaded Objects now: 6420.
Memory consumption went from 151.8 MB to 145.4 MB.
Total: 9.446200 ms (FindLiveObjects: 0.663300 ms CreateObjectMapping: 0.918200 ms MarkObjects: 5.367800 ms  DeleteObjects: 2.496000 ms)

Prepare: number of updated asset objects reloaded= 0
========================================================================
Received Prepare
Begin MonoManager ReloadAssembly
[Licensing::Client] Successfully resolved entitlement details
[Licensing::Module] License group:
  Id: F4-MDN9-DCJU-STJA-WJ2X-XXXX
  Product: Unity Personal
  Type: ULF
  Expiration: Unlimited
[Licensing::Module] License group:
  Id: 4673211846037-UnityPersXXXX
  Product: Unity Personal
  Type: Assigned
  Expiration: Unlimited
ADTM: Control thread waiting for realtime thread timed out, have to lock...
- Loaded All Assemblies, in  2.121 seconds
Refreshing native plugins compatible for Editor in 1.70 ms, found 3 plugins.
Native extension for WindowsStandalone target not found
[Package Manager] Failed to launch server process. Reason: Unity was launched with the -noUpm command-line argument
[Package Manager] Unable to send message (not connected to server process).
[Package Manager] Cannot connect to Unity Package Manager local server
[MODES] ModeService[none].Initialize
[MODES] ModeService[none].LoadModes
[Package Manager] Failed to launch server process. Reason: Unity was launched with the -noUpm command-line argument
[Package Manager] Unable to send message (not connected to server process).
[Package Manager] Cannot connect to Unity Package Manager local server
ScheduleIndexationOnStartup MainProcess:False IndexOnStartup:True
Mono: successfully reloaded assembly
- Finished resetting the current domain, in  0.971 seconds
Domain Reload Profiling: 3089ms
	BeginReloadAssembly (1298ms)
		ExecutionOrderSort (0ms)
		DisableScriptedObjects (17ms)
		BackupInstance (0ms)
		ReleaseScriptingObjects (0ms)
		CreateAndSetChildDomain (1065ms)
	RebuildCommonClasses (47ms)
	RebuildNativeTypeToScriptingClass (22ms)
	initialDomainReloadingComplete (40ms)
	LoadAllAssembliesAndSetupDomain (711ms)
		LoadAssemblies (567ms)
		RebuildTransferFunctionScriptingTraits (0ms)
		AnalyzeDomain (278ms)
			TypeCache.Refresh (13ms)
				TypeCache.ScanAssembly (2ms)
			BuildScriptInfoCaches (248ms)
			ResolveRequiredComponents (13ms)
	FinalizeReload (972ms)
		ReleaseScriptCaches (0ms)
		RebuildScriptCaches (0ms)
		SetupLoadedEditorAssemblies (741ms)
			LogAssemblyErrors (0ms)
			InitializePlatformSupportModulesInManaged (2ms)
			SetLoadedEditorAssemblies (5ms)
			BeforeProcessingInitializeOnLoad (175ms)
			ProcessInitializeOnLoadAttributes (459ms)
			ProcessInitializeOnLoadMethodAttributes (85ms)
			AfterProcessingInitializeOnLoad (13ms)
			EditorAssembliesLoaded (1ms)
		ExecutionOrderSort2 (0ms)
		AwakeInstancesAfterBackupRestoration (37ms)
Refreshing native plugins compatible for Editor in 1.72 ms, found 3 plugins.
Preloading 0 native plugins for Editor in 0.00 ms.
Unloading 29 Unused Serialized files (Serialized files now loaded: 0)
Unloading 5533 unused Assets / (6.1 MB). Loaded Objects now: 6424.
Memory consumption went from 151.7 MB to 145.6 MB.
Total: 9.676800 ms (FindLiveObjects: 0.688400 ms CreateObjectMapping: 1.002700 ms MarkObjects: 5.530200 ms  DeleteObjects: 2.454700 ms)

Prepare: number of updated asset objects reloaded= 1
========================================================================
Received Prepare
Begin MonoManager ReloadAssembly
[Licensing::Client] Successfully resolved entitlement details
[Licensing::Module] License group:
  Id: F4-MDN9-DCJU-STJA-WJ2X-XXXX
  Product: Unity Personal
  Type: ULF
  Expiration: Unlimited
[Licensing::Module] License group:
  Id: 4673211846037-UnityPersXXXX
  Product: Unity Personal
  Type: Assigned
  Expiration: Unlimited
ADTM: Control thread waiting for realtime thread timed out, have to lock...
- Loaded All Assemblies, in  2.007 seconds
Refreshing native plugins compatible for Editor in 2.11 ms, found 3 plugins.
Native extension for WindowsStandalone target not found
[Package Manager] Failed to launch server process. Reason: Unity was launched with the -noUpm command-line argument
[Package Manager] Unable to send message (not connected to server process).
[Package Manager] Cannot connect to Unity Package Manager local server
[MODES] ModeService[none].Initialize
[MODES] ModeService[none].LoadModes
[Package Manager] Failed to launch server process. Reason: Unity was launched with the -noUpm command-line argument
[Package Manager] Unable to send message (not connected to server process).
[Package Manager] Cannot connect to Unity Package Manager local server
ScheduleIndexationOnStartup MainProcess:False IndexOnStartup:True
Mono: successfully reloaded assembly
- Finished resetting the current domain, in  1.031 seconds
Domain Reload Profiling: 3035ms
	BeginReloadAssembly (1296ms)
		ExecutionOrderSort (0ms)
		DisableScriptedObjects (21ms)
		BackupInstance (0ms)
		ReleaseScriptingObjects (0ms)
		CreateAndSetChildDomain (1050ms)
	RebuildCommonClasses (63ms)
	RebuildNativeTypeToScriptingClass (26ms)
	initialDomainReloadingComplete (47ms)
	LoadAllAssembliesAndSetupDomain (572ms)
		LoadAssemblies (451ms)
		RebuildTransferFunctionScriptingTraits (0ms)
		AnalyzeDomain (262ms)
			TypeCache.Refresh (12ms)
				TypeCache.ScanAssembly (2ms)
			BuildScriptInfoCaches (232ms)
			ResolveRequiredComponents (14ms)
	FinalizeReload (1032ms)
		ReleaseScriptCaches (0ms)
		RebuildScriptCaches (0ms)
		SetupLoadedEditorAssemblies (797ms)
			LogAssemblyErrors (0ms)
			InitializePlatformSupportModulesInManaged (2ms)
			SetLoadedEditorAssemblies (6ms)
			BeforeProcessingInitializeOnLoad (198ms)
			ProcessInitializeOnLoadAttributes (500ms)
			ProcessInitializeOnLoadMethodAttributes (80ms)
			AfterProcessingInitializeOnLoad (11ms)
			EditorAssembliesLoaded (0ms)
		ExecutionOrderSort2 (0ms)
		AwakeInstancesAfterBackupRestoration (30ms)
Refreshing native plugins compatible for Editor in 2.63 ms, found 3 plugins.
Preloading 0 native plugins for Editor in 0.00 ms.
Unloading 29 Unused Serialized files (Serialized files now loaded: 0)
Unloading 5533 unused Assets / (6.9 MB). Loaded Objects now: 6428.
Memory consumption went from 151.8 MB to 144.9 MB.
Total: 12.819800 ms (FindLiveObjects: 0.706500 ms CreateObjectMapping: 1.045600 ms MarkObjects: 7.093500 ms  DeleteObjects: 3.973200 ms)

Prepare: number of updated asset objects reloaded= 0
========================================================================
Received Prepare
Begin MonoManager ReloadAssembly
[Licensing::Client] Successfully resolved entitlement details
[Licensing::Module] License group:
  Id: F4-MDN9-DCJU-STJA-WJ2X-XXXX
  Product: Unity Personal
  Type: ULF
  Expiration: Unlimited
[Licensing::Module] License group:
  Id: 4673211846037-UnityPersXXXX
  Product: Unity Personal
  Type: Assigned
  Expiration: Unlimited
ADTM: Control thread waiting for realtime thread timed out, have to lock...
- Loaded All Assemblies, in  2.017 seconds
Refreshing native plugins compatible for Editor in 1.92 ms, found 3 plugins.
Native extension for WindowsStandalone target not found
[Package Manager] Failed to launch server process. Reason: Unity was launched with the -noUpm command-line argument
[Package Manager] Unable to send message (not connected to server process).
[Package Manager] Cannot connect to Unity Package Manager local server
[MODES] ModeService[none].Initialize
[MODES] ModeService[none].LoadModes
[Package Manager] Failed to launch server process. Reason: Unity was launched with the -noUpm command-line argument
[Package Manager] Unable to send message (not connected to server process).
[Package Manager] Cannot connect to Unity Package Manager local server
ScheduleIndexationOnStartup MainProcess:False IndexOnStartup:True
Mono: successfully reloaded assembly
- Finished resetting the current domain, in  1.007 seconds
Domain Reload Profiling: 3022ms
	BeginReloadAssembly (1353ms)
		ExecutionOrderSort (0ms)
		DisableScriptedObjects (21ms)
		BackupInstance (0ms)
		ReleaseScriptingObjects (0ms)
		CreateAndSetChildDomain (1063ms)
	RebuildCommonClasses (56ms)
	RebuildNativeTypeToScriptingClass (23ms)
	initialDomainReloadingComplete (46ms)
	LoadAllAssembliesAndSetupDomain (536ms)
		LoadAssemblies (459ms)
		RebuildTransferFunctionScriptingTraits (0ms)
		AnalyzeDomain (252ms)
			TypeCache.Refresh (11ms)
				TypeCache.ScanAssembly (2ms)
			BuildScriptInfoCaches (224ms)
			ResolveRequiredComponents (13ms)
	FinalizeReload (1008ms)
		ReleaseScriptCaches (0ms)
		RebuildScriptCaches (0ms)
		SetupLoadedEditorAssemblies (771ms)
			LogAssemblyErrors (0ms)
			InitializePlatformSupportModulesInManaged (2ms)
			SetLoadedEditorAssemblies (5ms)
			BeforeProcessingInitializeOnLoad (178ms)
			ProcessInitializeOnLoadAttributes (484ms)
			ProcessInitializeOnLoadMethodAttributes (90ms)
			AfterProcessingInitializeOnLoad (12ms)
			EditorAssembliesLoaded (0ms)
		ExecutionOrderSort2 (0ms)
		AwakeInstancesAfterBackupRestoration (34ms)
Refreshing native plugins compatible for Editor in 1.92 ms, found 3 plugins.
Preloading 0 native plugins for Editor in 0.00 ms.
Unloading 29 Unused Serialized files (Serialized files now loaded: 0)
Unloading 5533 unused Assets / (6.0 MB). Loaded Objects now: 6432.
Memory consumption went from 151.8 MB to 145.8 MB.
Total: 9.862500 ms (FindLiveObjects: 0.679500 ms CreateObjectMapping: 0.940100 ms MarkObjects: 5.739000 ms  DeleteObjects: 2.502900 ms)

Prepare: number of updated asset objects reloaded= 0
========================================================================
Received Prepare
Begin MonoManager ReloadAssembly
[Licensing::Client] Successfully resolved entitlement details
[Licensing::Module] License group:
  Id: F4-MDN9-DCJU-STJA-WJ2X-XXXX
  Product: Unity Personal
  Type: ULF
  Expiration: Unlimited
[Licensing::Module] License group:
  Id: 4673211846037-UnityPersXXXX
  Product: Unity Personal
  Type: Assigned
  Expiration: Unlimited
ADTM: Control thread waiting for realtime thread timed out, have to lock...
- Loaded All Assemblies, in  1.954 seconds
Refreshing native plugins compatible for Editor in 1.88 ms, found 3 plugins.
Native extension for WindowsStandalone target not found
[Package Manager] Failed to launch server process. Reason: Unity was launched with the -noUpm command-line argument
[Package Manager] Unable to send message (not connected to server process).
[Package Manager] Cannot connect to Unity Package Manager local server
[MODES] ModeService[none].Initialize
[MODES] ModeService[none].LoadModes
[Package Manager] Failed to launch server process. Reason: Unity was launched with the -noUpm command-line argument
[Package Manager] Unable to send message (not connected to server process).
[Package Manager] Cannot connect to Unity Package Manager local server
ScheduleIndexationOnStartup MainProcess:False IndexOnStartup:True
Mono: successfully reloaded assembly
- Finished resetting the current domain, in  0.925 seconds
Domain Reload Profiling: 2877ms
	BeginReloadAssembly (1290ms)
		ExecutionOrderSort (0ms)
		DisableScriptedObjects (17ms)
		BackupInstance (0ms)
		ReleaseScriptingObjects (0ms)
		CreateAndSetChildDomain (1059ms)
	RebuildCommonClasses (50ms)
	RebuildNativeTypeToScriptingClass (20ms)
	initialDomainReloadingComplete (38ms)
	LoadAllAssembliesAndSetupDomain (554ms)
		LoadAssemblies (428ms)
		RebuildTransferFunctionScriptingTraits (0ms)
		AnalyzeDomain (255ms)
			TypeCache.Refresh (15ms)
				TypeCache.ScanAssembly (2ms)
			BuildScriptInfoCaches (223ms)
			ResolveRequiredComponents (13ms)
	FinalizeReload (926ms)
		ReleaseScriptCaches (0ms)
		RebuildScriptCaches (0ms)
		SetupLoadedEditorAssemblies (708ms)
			LogAssemblyErrors (0ms)
			InitializePlatformSupportModulesInManaged (3ms)
			SetLoadedEditorAssemblies (5ms)
			BeforeProcessingInitializeOnLoad (177ms)
			ProcessInitializeOnLoadAttributes (436ms)
			ProcessInitializeOnLoadMethodAttributes (76ms)
			AfterProcessingInitializeOnLoad (11ms)
			EditorAssembliesLoaded (0ms)
		ExecutionOrderSort2 (0ms)
		AwakeInstancesAfterBackupRestoration (30ms)
Refreshing native plugins compatible for Editor in 1.59 ms, found 3 plugins.
Preloading 0 native plugins for Editor in 0.00 ms.
Unloading 29 Unused Serialized files (Serialized files now loaded: 0)
Unloading 5533 unused Assets / (6.0 MB). Loaded Objects now: 6436.
Memory consumption went from 151.8 MB to 145.8 MB.
Total: 9.357800 ms (FindLiveObjects: 0.646500 ms CreateObjectMapping: 0.953000 ms MarkObjects: 5.145200 ms  DeleteObjects: 2.612400 ms)

Prepare: number of updated asset objects reloaded= 0
========================================================================
Received Prepare
Begin MonoManager ReloadAssembly
[Licensing::Client] Successfully resolved entitlement details
[Licensing::Module] License group:
  Id: F4-MDN9-DCJU-STJA-WJ2X-XXXX
  Product: Unity Personal
  Type: ULF
  Expiration: Unlimited
[Licensing::Module] License group:
  Id: 4673211846037-UnityPersXXXX
  Product: Unity Personal
  Type: Assigned
  Expiration: Unlimited
ADTM: Control thread waiting for realtime thread timed out, have to lock...
- Loaded All Assemblies, in  2.563 seconds
Refreshing native plugins compatible for Editor in 2.77 ms, found 3 plugins.
Native extension for WindowsStandalone target not found
[Package Manager] Failed to launch server process. Reason: Unity was launched with the -noUpm command-line argument
[Package Manager] Unable to send message (not connected to server process).
[Package Manager] Cannot connect to Unity Package Manager local server
[MODES] ModeService[none].Initialize
[MODES] ModeService[none].LoadModes
[Package Manager] Failed to launch server process. Reason: Unity was launched with the -noUpm command-line argument
[Package Manager] Unable to send message (not connected to server process).
[Package Manager] Cannot connect to Unity Package Manager local server
ScheduleIndexationOnStartup MainProcess:False IndexOnStartup:True
Mono: successfully reloaded assembly
- Finished resetting the current domain, in  1.306 seconds
Domain Reload Profiling: 3864ms
	BeginReloadAssembly (1448ms)
		ExecutionOrderSort (0ms)
		DisableScriptedObjects (62ms)
		BackupInstance (0ms)
		ReleaseScriptingObjects (0ms)
		CreateAndSetChildDomain (1079ms)
	RebuildCommonClasses (66ms)
	RebuildNativeTypeToScriptingClass (25ms)
	initialDomainReloadingComplete (60ms)
	LoadAllAssembliesAndSetupDomain (959ms)
		LoadAssemblies (582ms)
		RebuildTransferFunctionScriptingTraits (0ms)
		AnalyzeDomain (530ms)
			TypeCache.Refresh (20ms)
				TypeCache.ScanAssembly (5ms)
			BuildScriptInfoCaches (435ms)
			ResolveRequiredComponents (61ms)
	FinalizeReload (1306ms)
		ReleaseScriptCaches (0ms)
		RebuildScriptCaches (0ms)
		SetupLoadedEditorAssemblies (866ms)
			LogAssemblyErrors (0ms)
			InitializePlatformSupportModulesInManaged (4ms)
			SetLoadedEditorAssemblies (6ms)
			BeforeProcessingInitializeOnLoad (248ms)
			ProcessInitializeOnLoadAttributes (520ms)
			ProcessInitializeOnLoadMethodAttributes (76ms)
			AfterProcessingInitializeOnLoad (11ms)
			EditorAssembliesLoaded (0ms)
		ExecutionOrderSort2 (0ms)
		AwakeInstancesAfterBackupRestoration (32ms)
Refreshing native plugins compatible for Editor in 1.89 ms, found 3 plugins.
Preloading 0 native plugins for Editor in 0.00 ms.
Unloading 29 Unused Serialized files (Serialized files now loaded: 0)
Unloading 5533 unused Assets / (6.1 MB). Loaded Objects now: 6440.
Memory consumption went from 151.9 MB to 145.8 MB.
Total: 10.239900 ms (FindLiveObjects: 0.792200 ms CreateObjectMapping: 0.978300 ms MarkObjects: 6.107700 ms  DeleteObjects: 2.360600 ms)

Prepare: number of updated asset objects reloaded= 0
========================================================================
Received Prepare
Begin MonoManager ReloadAssembly
[Licensing::Client] Successfully resolved entitlement details
[Licensing::Module] License group:
  Id: F4-MDN9-DCJU-STJA-WJ2X-XXXX
  Product: Unity Personal
  Type: ULF
  Expiration: Unlimited
[Licensing::Module] License group:
  Id: 4673211846037-UnityPersXXXX
  Product: Unity Personal
  Type: Assigned
  Expiration: Unlimited
ADTM: Control thread waiting for realtime thread timed out, have to lock...
- Loaded All Assemblies, in  3.379 seconds
Refreshing native plugins compatible for Editor in 1.81 ms, found 3 plugins.
Native extension for WindowsStandalone target not found
[Package Manager] Failed to launch server process. Reason: Unity was launched with the -noUpm command-line argument
[Package Manager] Unable to send message (not connected to server process).
[Package Manager] Cannot connect to Unity Package Manager local server
[MODES] ModeService[none].Initialize
[MODES] ModeService[none].LoadModes
[Package Manager] Failed to launch server process. Reason: Unity was launched with the -noUpm command-line argument
[Package Manager] Unable to send message (not connected to server process).
[Package Manager] Cannot connect to Unity Package Manager local server
ScheduleIndexationOnStartup MainProcess:False IndexOnStartup:True
Mono: successfully reloaded assembly
- Finished resetting the current domain, in  1.094 seconds
Domain Reload Profiling: 4472ms
	BeginReloadAssembly (1533ms)
		ExecutionOrderSort (0ms)
		DisableScriptedObjects (24ms)
		BackupInstance (0ms)
		ReleaseScriptingObjects (0ms)
		CreateAndSetChildDomain (1078ms)
	RebuildCommonClasses (156ms)
	RebuildNativeTypeToScriptingClass (173ms)
	initialDomainReloadingComplete (95ms)
	LoadAllAssembliesAndSetupDomain (1421ms)
		LoadAssemblies (1193ms)
		RebuildTransferFunctionScriptingTraits (0ms)
		AnalyzeDomain (554ms)
			TypeCache.Refresh (25ms)
				TypeCache.ScanAssembly (8ms)
			BuildScriptInfoCaches (500ms)
			ResolveRequiredComponents (23ms)
	FinalizeReload (1095ms)
		ReleaseScriptCaches (0ms)
		RebuildScriptCaches (0ms)
		SetupLoadedEditorAssemblies (854ms)
			LogAssemblyErrors (0ms)
			InitializePlatformSupportModulesInManaged (2ms)
			SetLoadedEditorAssemblies (5ms)
			BeforeProcessingInitializeOnLoad (209ms)
			ProcessInitializeOnLoadAttributes (526ms)
			ProcessInitializeOnLoadMethodAttributes (99ms)
			AfterProcessingInitializeOnLoad (13ms)
			EditorAssembliesLoaded (0ms)
		ExecutionOrderSort2 (0ms)
		AwakeInstancesAfterBackupRestoration (35ms)
Refreshing native plugins compatible for Editor in 1.91 ms, found 3 plugins.
Preloading 0 native plugins for Editor in 0.00 ms.
Unloading 29 Unused Serialized files (Serialized files now loaded: 0)
Unloading 5534 unused Assets / (6.1 MB). Loaded Objects now: 6445.
Memory consumption went from 152.0 MB to 145.8 MB.
Total: 9.725800 ms (FindLiveObjects: 0.661200 ms CreateObjectMapping: 0.940600 ms MarkObjects: 5.304800 ms  DeleteObjects: 2.818200 ms)

Prepare: number of updated asset objects reloaded= 0
========================================================================
Received Import Request.
  Time since last request: 1402.460857 seconds.
  path: Assets/Low Poly Weapons VOL.1/Gun_MAT.mat
  artifactKey: Guid(28f0b13c7e9707746b5e0b3336181560) Importer(815301076,1909f56bfc062723c751e8b465ee728b)
Start importing Assets/Low Poly Weapons VOL.1/Gun_MAT.mat using Guid(28f0b13c7e9707746b5e0b3336181560) Importer(815301076,1909f56bfc062723c751e8b465ee728b) (PreviewImporter) -> (artifact id: '8f43198656399ad0824062566e8818a7') in 0.7550246 seconds
Number of updated asset objects reloaded before import = 0Number of asset objects unloaded after import = 2

========================================================================
Received Import Request.
  Time since last request: 0.000036 seconds.
  path: Assets/Low Poly Weapons VOL.1/Textures_Guns.png
  artifactKey: Guid(6a376fb3e11ce334ca96f417cead6576) Importer(815301076,1909f56bfc062723c751e8b465ee728b)
Start importing Assets/Low Poly Weapons VOL.1/Textures_Guns.png using Guid(6a376fb3e11ce334ca96f417cead6576) Importer(815301076,1909f56bfc062723c751e8b465ee728b) (PreviewImporter) -> (artifact id: '65efc8eeefbcfaa9b21472b4d41a0435') in 0.0236599 seconds
Number of updated asset objects reloaded before import = 0Number of asset objects unloaded after import = 2

========================================================================
Received Import Request.
  Time since last request: 0.000040 seconds.
  path: Assets/ModularFirstPersonController/How To Use.pdf
  artifactKey: Guid(167a5ec0045348e4997182aa0e0fcea2) Importer(815301076,1909f56bfc062723c751e8b465ee728b)
Start importing Assets/ModularFirstPersonController/How To Use.pdf using Guid(167a5ec0045348e4997182aa0e0fcea2) Importer(815301076,1909f56bfc062723c751e8b465ee728b) (PreviewImporter) -> (artifact id: '775838fd68ffeb4dec99f4c9b9b5081c') in 0.0013927 seconds
Number of updated asset objects reloaded before import = 0Number of asset objects unloaded after import = 1

========================================================================
Received Import Request.
  Time since last request: 0.821325 seconds.
  path: Assets/ModularFirstPersonController/FirstPersonController
  artifactKey: Guid(f37b4faf82d1edb47811f804ec33f9da) Importer(815301076,1909f56bfc062723c751e8b465ee728b)
Start importing Assets/ModularFirstPersonController/FirstPersonController using Guid(f37b4faf82d1edb47811f804ec33f9da) Importer(815301076,1909f56bfc062723c751e8b465ee728b) (PreviewImporter) -> (artifact id: '37f6d9417b05791196b73eaa49625122') in 0.0007897 seconds
Number of updated asset objects reloaded before import = 0Number of asset objects unloaded after import = 0

========================================================================
Received Import Request.
  Time since last request: 0.285816 seconds.
  path: Assets/ModularFirstPersonController/DemoScene
  artifactKey: Guid(7d2c7648db4398a488c3e3a2d79fab5f) Importer(815301076,1909f56bfc062723c751e8b465ee728b)
Start importing Assets/ModularFirstPersonController/DemoScene using Guid(7d2c7648db4398a488c3e3a2d79fab5f) Importer(815301076,1909f56bfc062723c751e8b465ee728b) (PreviewImporter) -> (artifact id: 'ad81cacccce441a5c5217f671858e0dc') in 0.0005636 seconds
Number of updated asset objects reloaded before import = 0Number of asset objects unloaded after import = 0

========================================================================
Received Import Request.
  Time since last request: 0.375102 seconds.
  path: Assets/ModularFirstPersonController/FirstPersonController/CircleReticle.png
  artifactKey: Guid(be4ce60e2c9768c44b9b10b9c5258045) Importer(815301076,1909f56bfc062723c751e8b465ee728b)
Start importing Assets/ModularFirstPersonController/FirstPersonController/CircleReticle.png using Guid(be4ce60e2c9768c44b9b10b9c5258045) Importer(815301076,1909f56bfc062723c751e8b465ee728b) (PreviewImporter) -> (artifact id: '975490bc1f41a2c87f99ce677e65db26') in 0.0362956 seconds
Number of updated asset objects reloaded before import = 0Number of asset objects unloaded after import = 3

========================================================================
Received Import Request.
  Time since last request: 0.000023 seconds.
  path: Assets/ModularFirstPersonController/FirstPersonController/FirstPersonController.prefab
  artifactKey: Guid(6bacecc4f3df9584198879c73a6b6c36) Importer(815301076,1909f56bfc062723c751e8b465ee728b)
Start importing Assets/ModularFirstPersonController/FirstPersonController/FirstPersonController.prefab using Guid(6bacecc4f3df9584198879c73a6b6c36) Importer(815301076,1909f56bfc062723c751e8b465ee728b) (PreviewImporter) -> (artifact id: '07d15cddcfbc92240c094133e70dea71') in 0.0549013 seconds
Number of updated asset objects reloaded before import = 0Number of asset objects unloaded after import = 36

========================================================================
Received Import Request.
  Time since last request: 275.424869 seconds.
  path: Assets/UniversalRenderPipelineGlobalSettings.asset
  artifactKey: Guid(af175b240bc24af4a823a8159fa9fc35) Importer(815301076,1909f56bfc062723c751e8b465ee728b)
Start importing Assets/UniversalRenderPipelineGlobalSettings.asset using Guid(af175b240bc24af4a823a8159fa9fc35) Importer(815301076,1909f56bfc062723c751e8b465ee728b) (PreviewImporter) -> (artifact id: '19380add526874b7ffa1adcd29a701fb') in 0.0013468 seconds
Number of updated asset objects reloaded before import = 0Number of asset objects unloaded after import = 0

========================================================================
Received Import Request.
  Time since last request: 1.884724 seconds.
  path: Assets/_Script/ApllicationTargetFrameRate.cs
  artifactKey: Guid(69765cf00311ea243b22ce989f69c6d6) Importer(2089858483,d624ce77472d68a35037170ec1d2d27e)
Start importing Assets/_Script/ApllicationTargetFrameRate.cs using Guid(69765cf00311ea243b22ce989f69c6d6) Importer(2089858483,d624ce77472d68a35037170ec1d2d27e) (ScriptedImporter) -> (artifact id: '91e67ec367f34d4b8bb0db5af79ee46d') in 0.0804341 seconds
Number of updated asset objects reloaded before import = 0Number of asset objects unloaded after import = 0

========================================================================
Received Import Request.
  Time since last request: 0.000021 seconds.
  path: Assets/ModularFirstPersonController/DemoScene/Gridbox Prototype Materials/Resources/Textures/Prototype Grid/prototype_512x512_blue3.png
  artifactKey: Guid(b6fc60785b6a795478135ce6f7712c5a) Importer(2089858483,d624ce77472d68a35037170ec1d2d27e)
Start importing Assets/ModularFirstPersonController/DemoScene/Gridbox Prototype Materials/Resources/Textures/Prototype Grid/prototype_512x512_blue3.png using Guid(b6fc60785b6a795478135ce6f7712c5a) Importer(2089858483,d624ce77472d68a35037170ec1d2d27e) (ScriptedImporter) -> (artifact id: 'e230adc5bc938e0c771ed4aa0a80e3e8') in 0.0634185 seconds
Number of updated asset objects reloaded before import = 0Number of asset objects unloaded after import = 1

========================================================================
Received Import Request.
  Time since last request: 0.000043 seconds.
  path: Assets/Low Poly Weapons VOL.1/Prefabs
  artifactKey: Guid(4b1dba3d474fa064b9375a0fabfa491f) Importer(2089858483,d624ce77472d68a35037170ec1d2d27e)
Start importing Assets/Low Poly Weapons VOL.1/Prefabs using Guid(4b1dba3d474fa064b9375a0fabfa491f) Importer(2089858483,d624ce77472d68a35037170ec1d2d27e) (ScriptedImporter) -> (artifact id: 'e4e41b8f8413666a5dcf3e4644ad216e') in 0.0316481 seconds
Number of updated asset objects reloaded before import = 0Number of asset objects unloaded after import = 1

========================================================================
Received Import Request.
  Time since last request: 0.000028 seconds.
  path: Assets/ModularFirstPersonController/DemoScene/Gridbox Prototype Materials/Resources/Textures/Prototype Grid/prototype_512x512_green2.png
  artifactKey: Guid(382df89af99b9f2459dd19206e68a63d) Importer(2089858483,d624ce77472d68a35037170ec1d2d27e)
Start importing Assets/ModularFirstPersonController/DemoScene/Gridbox Prototype Materials/Resources/Textures/Prototype Grid/prototype_512x512_green2.png using Guid(382df89af99b9f2459dd19206e68a63d) Importer(2089858483,d624ce77472d68a35037170ec1d2d27e) (ScriptedImporter) -> (artifact id: '3373b595a3a2d2890c9192e71e001379') in 0.0229127 seconds
Number of updated asset objects reloaded before import = 0Number of asset objects unloaded after import = 1

========================================================================
Received Import Request.
  Time since last request: 0.000022 seconds.
  path: Assets/ModularFirstPersonController/DemoScene/Gridbox Prototype Materials/Resources/Materials/Prototype Grid/Prototype_512x512_Blue2.mat
  artifactKey: Guid(5e148de6cdf2d164aa3e3f90ce8c852c) Importer(2089858483,d624ce77472d68a35037170ec1d2d27e)
Start importing Assets/ModularFirstPersonController/DemoScene/Gridbox Prototype Materials/Resources/Materials/Prototype Grid/Prototype_512x512_Blue2.mat using Guid(5e148de6cdf2d164aa3e3f90ce8c852c) Importer(2089858483,d624ce77472d68a35037170ec1d2d27e) (ScriptedImporter) -> (artifact id: 'c7a8cdb4d95339a2afd4caf8f640566a') in 0.1298082 seconds
Number of updated asset objects reloaded before import = 0Number of asset objects unloaded after import = 2

========================================================================
Received Import Request.
  Time since last request: 0.000027 seconds.
  path: Assets/ModularFirstPersonController/DemoScene/Gridbox Prototype Materials/Resources/Textures/Prototype Grid/prototype_512x512_orange.png
  artifactKey: Guid(fe3e0a556829be24bb87c912d79e872d) Importer(2089858483,d624ce77472d68a35037170ec1d2d27e)
Start importing Assets/ModularFirstPersonController/DemoScene/Gridbox Prototype Materials/Resources/Textures/Prototype Grid/prototype_512x512_orange.png using Guid(fe3e0a556829be24bb87c912d79e872d) Importer(2089858483,d624ce77472d68a35037170ec1d2d27e) (ScriptedImporter) -> (artifact id: '031c528f83edac8b7c001c77725a731c') in 0.0212994 seconds
Number of updated asset objects reloaded before import = 0Number of asset objects unloaded after import = 1

========================================================================
Received Import Request.
  Time since last request: 0.000029 seconds.
  path: Assets/ModularFirstPersonController/DemoScene/Gridbox Prototype Materials/Resources/Textures
  artifactKey: Guid(a1eecf8d7e6ca0e4cbf451a621a5a5a5) Importer(2089858483,d624ce77472d68a35037170ec1d2d27e)
Start importing Assets/ModularFirstPersonController/DemoScene/Gridbox Prototype Materials/Resources/Textures using Guid(a1eecf8d7e6ca0e4cbf451a621a5a5a5) Importer(2089858483,d624ce77472d68a35037170ec1d2d27e) (ScriptedImporter) -> (artifact id: '03dd38f4c0235033a58692752fc61dd6') in 0.0110197 seconds
Number of updated asset objects reloaded before import = 0Number of asset objects unloaded after import = 1

========================================================================
Received Import Request.
  Time since last request: 0.000021 seconds.
  path: Assets/ModularFirstPersonController/DemoScene/Gridbox Prototype Materials/Resources/Materials/Prototype Grid/Prototype_512x512_Grey3.mat
  artifactKey: Guid(17c44fb3e5be9644586a0728a5f5a386) Importer(2089858483,d624ce77472d68a35037170ec1d2d27e)
Start importing Assets/ModularFirstPersonController/DemoScene/Gridbox Prototype Materials/Resources/Materials/Prototype Grid/Prototype_512x512_Grey3.mat using Guid(17c44fb3e5be9644586a0728a5f5a386) Importer(2089858483,d624ce77472d68a35037170ec1d2d27e) (ScriptedImporter) -> (artifact id: 'ca257d56b17c8e2f8e872dff6c74322a') in 0.0193001 seconds
Number of updated asset objects reloaded before import = 0Number of asset objects unloaded after import = 2

========================================================================
Received Import Request.
  Time since last request: 0.000022 seconds.
  path: Assets/Low Poly Weapons VOL.1/Prefabs/SR_Scope_00.prefab
  artifactKey: Guid(cb825447b7c1ef442a049949c3f95ba7) Importer(2089858483,d624ce77472d68a35037170ec1d2d27e)
Start importing Assets/Low Poly Weapons VOL.1/Prefabs/SR_Scope_00.prefab using Guid(cb825447b7c1ef442a049949c3f95ba7) Importer(2089858483,d624ce77472d68a35037170ec1d2d27e) (ScriptedImporter) -> (artifact id: 'a0bfd78dd746c117d238820ff01a0dff') in 0.033513 seconds
Number of updated asset objects reloaded before import = 0Number of asset objects unloaded after import = 11

========================================================================
Received Import Request.
  Time since last request: 0.000029 seconds.
  path: Assets/ModularFirstPersonController/DemoScene/Gridbox Prototype Materials/Resources/Materials/Prototype Grid/Prototype_512x512_Brown.mat
  artifactKey: Guid(a54b7ad866d3a9b47bbf3b53baa0acc4) Importer(2089858483,d624ce77472d68a35037170ec1d2d27e)
Start importing Assets/ModularFirstPersonController/DemoScene/Gridbox Prototype Materials/Resources/Materials/Prototype Grid/Prototype_512x512_Brown.mat using Guid(a54b7ad866d3a9b47bbf3b53baa0acc4) Importer(2089858483,d624ce77472d68a35037170ec1d2d27e) (ScriptedImporter) -> (artifact id: '00920150f9be6d2e16124b9e73885118') in 0.0222459 seconds
Number of updated asset objects reloaded before import = 0Number of asset objects unloaded after import = 2

========================================================================
Received Import Request.
  Time since last request: 0.000031 seconds.
  path: Assets/ModularFirstPersonController/DemoScene/Gridbox Prototype Materials/Resources/Materials/Prototype Grid/Prototype_512x512_Grey2.mat
  artifactKey: Guid(07dc66ae04b7f6a43b9674bf0fefb33a) Importer(2089858483,d624ce77472d68a35037170ec1d2d27e)
Start importing Assets/ModularFirstPersonController/DemoScene/Gridbox Prototype Materials/Resources/Materials/Prototype Grid/Prototype_512x512_Grey2.mat using Guid(07dc66ae04b7f6a43b9674bf0fefb33a) Importer(2089858483,d624ce77472d68a35037170ec1d2d27e) (ScriptedImporter) -> (artifact id: '3c8aa492021cde977705f80296840eb4') in 0.0223464 seconds
Number of updated asset objects reloaded before import = 0Number of asset objects unloaded after import = 2

========================================================================
Received Import Request.
  Time since last request: 0.000021 seconds.
  path: Assets/ModularFirstPersonController/DemoScene/Gridbox Prototype Materials/Resources/Textures/Prototype Grid/prototype_512x512_grey1.png
  artifactKey: Guid(dd29f35641da38647a1eeb1028211f1a) Importer(2089858483,d624ce77472d68a35037170ec1d2d27e)
Start importing Assets/ModularFirstPersonController/DemoScene/Gridbox Prototype Materials/Resources/Textures/Prototype Grid/prototype_512x512_grey1.png using Guid(dd29f35641da38647a1eeb1028211f1a) Importer(2089858483,d624ce77472d68a35037170ec1d2d27e) (ScriptedImporter) -> (artifact id: '3b331567afcba955ced095f3f6458a92') in 0.0211121 seconds
Number of updated asset objects reloaded before import = 0Number of asset objects unloaded after import = 1

========================================================================
Received Import Request.
  Time since last request: 0.000021 seconds.
  path: Assets/Low Poly Weapons VOL.1/Models/Flash.fbx
  artifactKey: Guid(0463b32f3348438449af40d60686807b) Importer(2089858483,d624ce77472d68a35037170ec1d2d27e)
Start importing Assets/Low Poly Weapons VOL.1/Models/Flash.fbx using Guid(0463b32f3348438449af40d60686807b) Importer(2089858483,d624ce77472d68a35037170ec1d2d27e) (ScriptedImporter) -> (artifact id: '4a9b934e1dadda1c5f49d125a0fca2bf') in 0.0663568 seconds
Number of updated asset objects reloaded before import = 0Number of asset objects unloaded after import = 13

========================================================================
Received Import Request.
  Time since last request: 0.000029 seconds.
  path: Assets/ModularFirstPersonController/FirstPersonController/FirstPersonController.cs
  artifactKey: Guid(d90ba6530d9bfda47abb4610956b2f44) Importer(2089858483,d624ce77472d68a35037170ec1d2d27e)
Start importing Assets/ModularFirstPersonController/FirstPersonController/FirstPersonController.cs using Guid(d90ba6530d9bfda47abb4610956b2f44) Importer(2089858483,d624ce77472d68a35037170ec1d2d27e) (ScriptedImporter) -> (artifact id: 'f4a77b5039fc05d5b43f733fb302a0dd') in 0.0112815 seconds
Number of updated asset objects reloaded before import = 0Number of asset objects unloaded after import = 0

========================================================================
Received Import Request.
  Time since last request: 0.000030 seconds.
  path: Assets/ModularFirstPersonController/DemoScene/Gridbox Prototype Materials/Resources/Textures/Prototype Grid/prototype_512x512_cyan.png
  artifactKey: Guid(6c35396cb8128474a8a73c6b19f2fe1f) Importer(2089858483,d624ce77472d68a35037170ec1d2d27e)
Start importing Assets/ModularFirstPersonController/DemoScene/Gridbox Prototype Materials/Resources/Textures/Prototype Grid/prototype_512x512_cyan.png using Guid(6c35396cb8128474a8a73c6b19f2fe1f) Importer(2089858483,d624ce77472d68a35037170ec1d2d27e) (ScriptedImporter) -> (artifact id: '518e95439b03245ff740cfe448049d2a') in 0.0235878 seconds
Number of updated asset objects reloaded before import = 0Number of asset objects unloaded after import = 1

========================================================================
Received Import Request.
  Time since last request: 0.000021 seconds.
  path: Assets/Low Poly Weapons VOL.1/Prefabs/M249.prefab
  artifactKey: Guid(432643b6e5110004083fdff3e33e490b) Importer(2089858483,d624ce77472d68a35037170ec1d2d27e)
Start importing Assets/Low Poly Weapons VOL.1/Prefabs/M249.prefab using Guid(432643b6e5110004083fdff3e33e490b) Importer(2089858483,d624ce77472d68a35037170ec1d2d27e) (ScriptedImporter) -> (artifact id: '735d9654cdf6035c9b0c952646ea1355') in 0.0289718 seconds
Number of updated asset objects reloaded before import = 0Number of asset objects unloaded after import = 28

========================================================================
Received Import Request.
  Time since last request: 0.000022 seconds.
  path: Assets/ModularFirstPersonController/DemoScene/Gridbox Prototype Materials/Resources/Materials/Prototype Grid
  artifactKey: Guid(cecfe17a50e489e4f8101820a64e4e59) Importer(2089858483,d624ce77472d68a35037170ec1d2d27e)
Start importing Assets/ModularFirstPersonController/DemoScene/Gridbox Prototype Materials/Resources/Materials/Prototype Grid using Guid(cecfe17a50e489e4f8101820a64e4e59) Importer(2089858483,d624ce77472d68a35037170ec1d2d27e) (ScriptedImporter) -> (artifact id: 'd5b8c5dcd88a01370a777235c41f1fb3') in 0.0117889 seconds
Number of updated asset objects reloaded before import = 0Number of asset objects unloaded after import = 1

========================================================================
Received Import Request.
  Time since last request: 0.000023 seconds.
  path: Assets/Low Poly Weapons VOL.1/Models
  artifactKey: Guid(c2ea3f448776c9645ba9ffd49106fa9a) Importer(2089858483,d624ce77472d68a35037170ec1d2d27e)
Start importing Assets/Low Poly Weapons VOL.1/Models using Guid(c2ea3f448776c9645ba9ffd49106fa9a) Importer(2089858483,d624ce77472d68a35037170ec1d2d27e) (ScriptedImporter) -> (artifact id: '5559e274e534d5b1679b72805e8d230f') in 0.0128165 seconds
Number of updated asset objects reloaded before import = 0Number of asset objects unloaded after import = 1

========================================================================
Received Import Request.
  Time since last request: 0.000031 seconds.
  path: Assets/ModularFirstPersonController/DemoScene/Gridbox Prototype Materials/Resources/Materials/Prototype Grid/Prototype_512x512_Blue3.mat
  artifactKey: Guid(b0b4de3bd6e976e4f8b3adc6e72377ed) Importer(2089858483,d624ce77472d68a35037170ec1d2d27e)
Start importing Assets/ModularFirstPersonController/DemoScene/Gridbox Prototype Materials/Resources/Materials/Prototype Grid/Prototype_512x512_Blue3.mat using Guid(b0b4de3bd6e976e4f8b3adc6e72377ed) Importer(2089858483,d624ce77472d68a35037170ec1d2d27e) (ScriptedImporter) -> (artifact id: '40fd51b487705b650b2c7be0c8147883') in 0.0139625 seconds
Number of updated asset objects reloaded before import = 0Number of asset objects unloaded after import = 2

========================================================================
Received Import Request.
  Time since last request: 0.000025 seconds.
  path: Assets/ModularFirstPersonController/DemoScene/Gridbox Prototype Materials/Resources/Materials/Prototype Grid/Prototype_512x512_Grey1.mat
  artifactKey: Guid(c181c23a6120fbe4aadd5bb53a58dd78) Importer(2089858483,d624ce77472d68a35037170ec1d2d27e)
Start importing Assets/ModularFirstPersonController/DemoScene/Gridbox Prototype Materials/Resources/Materials/Prototype Grid/Prototype_512x512_Grey1.mat using Guid(c181c23a6120fbe4aadd5bb53a58dd78) Importer(2089858483,d624ce77472d68a35037170ec1d2d27e) (ScriptedImporter) -> (artifact id: 'e56320cc2a583cdd9a0a1c62187067ac') in 0.0229395 seconds
Number of updated asset objects reloaded before import = 0Number of asset objects unloaded after import = 2

========================================================================
Received Import Request.
  Time since last request: 0.000028 seconds.
  path: Assets/ModularFirstPersonController/DemoScene/Gridbox Prototype Materials/Resources/Textures/Prototype Grid/prototype_512x512_yellow.png
  artifactKey: Guid(ee12d2bc9f5c8554d97d5beb9dc4b275) Importer(2089858483,d624ce77472d68a35037170ec1d2d27e)
Start importing Assets/ModularFirstPersonController/DemoScene/Gridbox Prototype Materials/Resources/Textures/Prototype Grid/prototype_512x512_yellow.png using Guid(ee12d2bc9f5c8554d97d5beb9dc4b275) Importer(2089858483,d624ce77472d68a35037170ec1d2d27e) (ScriptedImporter) -> (artifact id: '556de762a805461347ced7a8d7a7f840') in 0.0326001 seconds
Number of updated asset objects reloaded before import = 0Number of asset objects unloaded after import = 1

========================================================================
Received Import Request.
  Time since last request: 0.000024 seconds.
  path: Assets/Low Poly Weapons VOL.1/Models/Smoke.fbx
  artifactKey: Guid(fdd9b790eff3ea74d9c1ccf2c0db76bb) Importer(2089858483,d624ce77472d68a35037170ec1d2d27e)
Start importing Assets/Low Poly Weapons VOL.1/Models/Smoke.fbx using Guid(fdd9b790eff3ea74d9c1ccf2c0db76bb) Importer(2089858483,d624ce77472d68a35037170ec1d2d27e) (ScriptedImporter) -> (artifact id: 'd2078f775f890713051171f10b61c89b') in 0.0227964 seconds
Number of updated asset objects reloaded before import = 0Number of asset objects unloaded after import = 13

========================================================================
Received Import Request.
  Time since last request: 0.000030 seconds.
  path: Assets/Low Poly Weapons VOL.1/Prefabs/ELCAN.prefab
  artifactKey: Guid(75aeffeed5a736f46afbef3a42e93fab) Importer(2089858483,d624ce77472d68a35037170ec1d2d27e)
Start importing Assets/Low Poly Weapons VOL.1/Prefabs/ELCAN.prefab using Guid(75aeffeed5a736f46afbef3a42e93fab) Importer(2089858483,d624ce77472d68a35037170ec1d2d27e) (ScriptedImporter) -> (artifact id: 'cec12e94221dd625747109b90d727604') in 0.0284098 seconds
Number of updated asset objects reloaded before import = 0Number of asset objects unloaded after import = 8

========================================================================
Received Import Request.
  Time since last request: 0.000022 seconds.
  path: Assets/ModularFirstPersonController/DemoScene
  artifactKey: Guid(7d2c7648db4398a488c3e3a2d79fab5f) Importer(2089858483,d624ce77472d68a35037170ec1d2d27e)
Start importing Assets/ModularFirstPersonController/DemoScene using Guid(7d2c7648db4398a488c3e3a2d79fab5f) Importer(2089858483,d624ce77472d68a35037170ec1d2d27e) (ScriptedImporter) -> (artifact id: '759050f204079c1fb9d761c0d95ed696') in 0.0210419 seconds
Number of updated asset objects reloaded before import = 0Number of asset objects unloaded after import = 1

========================================================================
Received Import Request.
  Time since last request: 0.000020 seconds.
  path: Assets/ModularFirstPersonController/DemoScene/Gridbox Prototype Materials/Resources/Textures/Prototype Grid/prototype_512x512_grey4.png
  artifactKey: Guid(ed0c2c8a99e92e14ba740ac8aa428288) Importer(2089858483,d624ce77472d68a35037170ec1d2d27e)
Start importing Assets/ModularFirstPersonController/DemoScene/Gridbox Prototype Materials/Resources/Textures/Prototype Grid/prototype_512x512_grey4.png using Guid(ed0c2c8a99e92e14ba740ac8aa428288) Importer(2089858483,d624ce77472d68a35037170ec1d2d27e) (ScriptedImporter) -> (artifact id: '3d68a77eddebbd5e342f0c7583939565') in 0.0222202 seconds
Number of updated asset objects reloaded before import = 0Number of asset objects unloaded after import = 1

========================================================================
Received Import Request.
  Time since last request: 0.000026 seconds.
  path: Assets/Low Poly Weapons VOL.1/Prefabs/TAN_LR_Scope_01.prefab
  artifactKey: Guid(49535f27af2648646a94c1f9918737d6) Importer(2089858483,d624ce77472d68a35037170ec1d2d27e)
Start importing Assets/Low Poly Weapons VOL.1/Prefabs/TAN_LR_Scope_01.prefab using Guid(49535f27af2648646a94c1f9918737d6) Importer(2089858483,d624ce77472d68a35037170ec1d2d27e) (ScriptedImporter) -> (artifact id: 'ef32c4e8a29475da672a770d13080017') in 0.0441852 seconds
Number of updated asset objects reloaded before import = 0Number of asset objects unloaded after import = 13

========================================================================
Received Import Request.
  Time since last request: 0.000032 seconds.
  path: Assets/ModularFirstPersonController/DemoScene/Gridbox Prototype Materials/Resources/Textures/Prototype Grid/prototype_512x512_grey3.png
  artifactKey: Guid(d9c0dd5cdac07b145be73329e489869a) Importer(2089858483,d624ce77472d68a35037170ec1d2d27e)
Start importing Assets/ModularFirstPersonController/DemoScene/Gridbox Prototype Materials/Resources/Textures/Prototype Grid/prototype_512x512_grey3.png using Guid(d9c0dd5cdac07b145be73329e489869a) Importer(2089858483,d624ce77472d68a35037170ec1d2d27e) (ScriptedImporter) -> (artifact id: '27c0487ddf2b4750069f76476802ed54') in 0.0379205 seconds
Number of updated asset objects reloaded before import = 0Number of asset objects unloaded after import = 1

========================================================================
Received Import Request.
  Time since last request: 0.000023 seconds.
  path: Assets/ModularFirstPersonController/DemoScene/Gridbox Prototype Materials/Resources/Materials/Prototype Grid/Prototype_512x512_Green1.mat
  artifactKey: Guid(79f64ed6f5d6d374d91c3a0af4070258) Importer(2089858483,d624ce77472d68a35037170ec1d2d27e)
Start importing Assets/ModularFirstPersonController/DemoScene/Gridbox Prototype Materials/Resources/Materials/Prototype Grid/Prototype_512x512_Green1.mat using Guid(79f64ed6f5d6d374d91c3a0af4070258) Importer(2089858483,d624ce77472d68a35037170ec1d2d27e) (ScriptedImporter) -> (artifact id: '8dddb66d31d41ce7fb6651ad596496c0') in 0.019678 seconds
Number of updated asset objects reloaded before import = 0Number of asset objects unloaded after import = 2

========================================================================
Received Import Request.
  Time since last request: 0.000021 seconds.
  path: Assets/ModularFirstPersonController/DemoScene/Gridbox Prototype Materials/Resources/Textures/Prototype Grid/prototype_512x512_red.png
  artifactKey: Guid(3d6064e2e1cd7214e9f67f3a68f494fb) Importer(2089858483,d624ce77472d68a35037170ec1d2d27e)
Start importing Assets/ModularFirstPersonController/DemoScene/Gridbox Prototype Materials/Resources/Textures/Prototype Grid/prototype_512x512_red.png using Guid(3d6064e2e1cd7214e9f67f3a68f494fb) Importer(2089858483,d624ce77472d68a35037170ec1d2d27e) (ScriptedImporter) -> (artifact id: '53be2b3e9369cf6399553c4f1cbfb06c') in 0.0208191 seconds
Number of updated asset objects reloaded before import = 0Number of asset objects unloaded after import = 1

========================================================================
Received Import Request.
  Time since last request: 0.000032 seconds.
  path: Assets/ModularFirstPersonController/DemoScene/Gridbox Prototype Materials/Resources/Textures/Prototype Grid/prototype_512x512_blue1.png
  artifactKey: Guid(44cced520ecfd9f4292979a4fe8268c4) Importer(2089858483,d624ce77472d68a35037170ec1d2d27e)
Start importing Assets/ModularFirstPersonController/DemoScene/Gridbox Prototype Materials/Resources/Textures/Prototype Grid/prototype_512x512_blue1.png using Guid(44cced520ecfd9f4292979a4fe8268c4) Importer(2089858483,d624ce77472d68a35037170ec1d2d27e) (ScriptedImporter) -> (artifact id: '4fdd2561c7a331b9ad64b5fdd601355a') in 0.0227002 seconds
Number of updated asset objects reloaded before import = 0Number of asset objects unloaded after import = 1

========================================================================
Received Import Request.
  Time since last request: 0.000031 seconds.
  path: Assets/ModularFirstPersonController/DemoScene/Gridbox Prototype Materials/Resources/Textures/Prototype Grid/prototype_512x512_brown.png
  artifactKey: Guid(3c227d230cca14c42822692b6aff3459) Importer(2089858483,d624ce77472d68a35037170ec1d2d27e)
Start importing Assets/ModularFirstPersonController/DemoScene/Gridbox Prototype Materials/Resources/Textures/Prototype Grid/prototype_512x512_brown.png using Guid(3c227d230cca14c42822692b6aff3459) Importer(2089858483,d624ce77472d68a35037170ec1d2d27e) (ScriptedImporter) -> (artifact id: '9fb1a0fb8c6ff08f6c224f791ba501d6') in 0.015674 seconds
Number of updated asset objects reloaded before import = 0Number of asset objects unloaded after import = 1

========================================================================
Received Import Request.
  Time since last request: 0.000024 seconds.
  path: Assets/_Script/WeaponAnimationManager.cs
  artifactKey: Guid(400cbb11d7734e641a586ecdf24d4b8e) Importer(2089858483,d624ce77472d68a35037170ec1d2d27e)
Start importing Assets/_Script/WeaponAnimationManager.cs using Guid(400cbb11d7734e641a586ecdf24d4b8e) Importer(2089858483,d624ce77472d68a35037170ec1d2d27e) (ScriptedImporter) -> (artifact id: '95655990ceafe7284b2352529f6873dc') in 0.011357 seconds
Number of updated asset objects reloaded before import = 0Number of asset objects unloaded after import = 0

========================================================================
Received Import Request.
  Time since last request: 0.000021 seconds.
  path: Assets/ModularFirstPersonController/DemoScene/Gridbox Prototype Materials/Resources/Materials/Prototype Grid/Prototype_512x512_Grey4.mat
  artifactKey: Guid(8d530ffe6c4968843806085897955b9d) Importer(2089858483,d624ce77472d68a35037170ec1d2d27e)
Start importing Assets/ModularFirstPersonController/DemoScene/Gridbox Prototype Materials/Resources/Materials/Prototype Grid/Prototype_512x512_Grey4.mat using Guid(8d530ffe6c4968843806085897955b9d) Importer(2089858483,d624ce77472d68a35037170ec1d2d27e) (ScriptedImporter) -> (artifact id: 'fc004b2be0dc05900cc95166d5bda1a9') in 0.0156932 seconds
Number of updated asset objects reloaded before import = 0Number of asset objects unloaded after import = 2

========================================================================
Received Import Request.
  Time since last request: 0.000024 seconds.
  path: Assets/Low Poly Weapons VOL.1/Models/M2_50cal.fbx
  artifactKey: Guid(018d5bd3bfb8b6a49a8b354ba11e4a8f) Importer(2089858483,d624ce77472d68a35037170ec1d2d27e)
Start importing Assets/Low Poly Weapons VOL.1/Models/M2_50cal.fbx using Guid(018d5bd3bfb8b6a49a8b354ba11e4a8f) Importer(2089858483,d624ce77472d68a35037170ec1d2d27e) (ScriptedImporter) -> (artifact id: '2993cc20dbb206d24580602e3785cfd6') in 0.0228379 seconds
Number of updated asset objects reloaded before import = 0Number of asset objects unloaded after import = 41

========================================================================
Received Import Request.
  Time since last request: 0.000032 seconds.
  path: Assets/ModularFirstPersonController/DemoScene/Gridbox Prototype Materials/Resources/Textures/Prototype Grid/prototype_512x512_green1.png
  artifactKey: Guid(4967dfcee94bddd4ba1430cb6fa1f304) Importer(2089858483,d624ce77472d68a35037170ec1d2d27e)
Start importing Assets/ModularFirstPersonController/DemoScene/Gridbox Prototype Materials/Resources/Textures/Prototype Grid/prototype_512x512_green1.png using Guid(4967dfcee94bddd4ba1430cb6fa1f304) Importer(2089858483,d624ce77472d68a35037170ec1d2d27e) (ScriptedImporter) -> (artifact id: '57273a6fce387c1371ac29eb60e8cb43') in 0.0163995 seconds
Number of updated asset objects reloaded before import = 0Number of asset objects unloaded after import = 1

========================================================================
Received Import Request.
  Time since last request: 0.000021 seconds.
  path: Assets/Low Poly Weapons VOL.1/Sample_Scene.unity
  artifactKey: Guid(f717f15f191a08741986e6e8efa197ab) Importer(2089858483,d624ce77472d68a35037170ec1d2d27e)
Start importing Assets/Low Poly Weapons VOL.1/Sample_Scene.unity using Guid(f717f15f191a08741986e6e8efa197ab) Importer(2089858483,d624ce77472d68a35037170ec1d2d27e) (ScriptedImporter) -> (artifact id: 'a19e29d26836f4497f8411edc8761775') in 0.0104743 seconds
Number of updated asset objects reloaded before import = 0Number of asset objects unloaded after import = 1

========================================================================
Received Import Request.
  Time since last request: 0.000022 seconds.
  path: Assets/ModularFirstPersonController/DemoScene/Gridbox Prototype Materials/Resources/Textures/Prototype Grid/prototype_512x512_purple.png
  artifactKey: Guid(aa0c741df9dd8634c8d84fd9ba2b0e3d) Importer(2089858483,d624ce77472d68a35037170ec1d2d27e)
Start importing Assets/ModularFirstPersonController/DemoScene/Gridbox Prototype Materials/Resources/Textures/Prototype Grid/prototype_512x512_purple.png using Guid(aa0c741df9dd8634c8d84fd9ba2b0e3d) Importer(2089858483,d624ce77472d68a35037170ec1d2d27e) (ScriptedImporter) -> (artifact id: 'f920cd59f5c42888e2a8f998b132f1ed') in 0.0214727 seconds
Number of updated asset objects reloaded before import = 0Number of asset objects unloaded after import = 1

========================================================================
Received Import Request.
  Time since last request: 0.000027 seconds.
  path: Assets/Low Poly Weapons VOL.1/Models/SR_Scope_00.fbx
  artifactKey: Guid(2e652e63fbd52af41856733acbfe5c18) Importer(2089858483,d624ce77472d68a35037170ec1d2d27e)
Start importing Assets/Low Poly Weapons VOL.1/Models/SR_Scope_00.fbx using Guid(2e652e63fbd52af41856733acbfe5c18) Importer(2089858483,d624ce77472d68a35037170ec1d2d27e) (ScriptedImporter) -> (artifact id: '292ce2cdb28d74fca052c2dae8cd4bc6') in 0.0152329 seconds
Number of updated asset objects reloaded before import = 0Number of asset objects unloaded after import = 11

========================================================================
Received Import Request.
  Time since last request: 0.000030 seconds.
  path: Assets/Low Poly Weapons VOL.1/Models/M107.fbx
  artifactKey: Guid(a0e70037533056249a1bcaf8b480c5cb) Importer(2089858483,d624ce77472d68a35037170ec1d2d27e)
Start importing Assets/Low Poly Weapons VOL.1/Models/M107.fbx using Guid(a0e70037533056249a1bcaf8b480c5cb) Importer(2089858483,d624ce77472d68a35037170ec1d2d27e) (ScriptedImporter) -> (artifact id: '80444d1bce40cb5d18b6e379bb3de626') in 0.0262036 seconds
Number of updated asset objects reloaded before import = 0Number of asset objects unloaded after import = 23

========================================================================
Received Import Request.
  Time since last request: 0.000022 seconds.
  path: Assets/Low Poly Weapons VOL.1/Models/M249.fbx
  artifactKey: Guid(01890195b95a26f4fa4aa4f8f5a0cc5e) Importer(2089858483,d624ce77472d68a35037170ec1d2d27e)
Start importing Assets/Low Poly Weapons VOL.1/Models/M249.fbx using Guid(01890195b95a26f4fa4aa4f8f5a0cc5e) Importer(2089858483,d624ce77472d68a35037170ec1d2d27e) (ScriptedImporter) -> (artifact id: '90be2c27f3fe440a75876b155de67e84') in 0.0274936 seconds
Number of updated asset objects reloaded before import = 0Number of asset objects unloaded after import = 28

========================================================================
Received Import Request.
  Time since last request: 0.000025 seconds.
  path: Assets/Low Poly Weapons VOL.1/Prefabs/M4_8.prefab
  artifactKey: Guid(689946d975a0e55449b1e7ae41933e73) Importer(2089858483,d624ce77472d68a35037170ec1d2d27e)
Start importing Assets/Low Poly Weapons VOL.1/Prefabs/M4_8.prefab using Guid(689946d975a0e55449b1e7ae41933e73) Importer(2089858483,d624ce77472d68a35037170ec1d2d27e) (ScriptedImporter) -> (artifact id: 'd857de2708be4b909c550aa7b23411f5') in 0.0256431 seconds
Number of updated asset objects reloaded before import = 0Number of asset objects unloaded after import = 33

========================================================================
Received Import Request.
  Time since last request: 0.000030 seconds.
  path: Assets/Low Poly Weapons VOL.1
  artifactKey: Guid(e9f88cafa2e6f1d488b63a5c03d42017) Importer(2089858483,d624ce77472d68a35037170ec1d2d27e)
Start importing Assets/Low Poly Weapons VOL.1 using Guid(e9f88cafa2e6f1d488b63a5c03d42017) Importer(2089858483,d624ce77472d68a35037170ec1d2d27e) (ScriptedImporter) -> (artifact id: '5817a48afa542f0faaae89cc95be50ef') in 0.0113639 seconds
Number of updated asset objects reloaded before import = 0Number of asset objects unloaded after import = 1

========================================================================
Received Import Request.
  Time since last request: 0.000021 seconds.
  path: Assets/Low Poly Weapons VOL.1/Models/M1911.fbx
  artifactKey: Guid(b812e42521a5a27499e76cc5ed56e3ac) Importer(2089858483,d624ce77472d68a35037170ec1d2d27e)
Start importing Assets/Low Poly Weapons VOL.1/Models/M1911.fbx using Guid(b812e42521a5a27499e76cc5ed56e3ac) Importer(2089858483,d624ce77472d68a35037170ec1d2d27e) (ScriptedImporter) -> (artifact id: 'a8860bce7e8807756fb32708ad35b00d') in 0.0227284 seconds
Number of updated asset objects reloaded before import = 0Number of asset objects unloaded after import = 31

========================================================================
Received Import Request.
  Time since last request: 0.000024 seconds.
  path: Assets/ModularFirstPersonController/DemoScene/Gridbox Prototype Materials/Resources/Textures/Prototype Grid
  artifactKey: Guid(fc9460034f9ca0344843541b996a2199) Importer(2089858483,d624ce77472d68a35037170ec1d2d27e)
Start importing Assets/ModularFirstPersonController/DemoScene/Gridbox Prototype Materials/Resources/Textures/Prototype Grid using Guid(fc9460034f9ca0344843541b996a2199) Importer(2089858483,d624ce77472d68a35037170ec1d2d27e) (ScriptedImporter) -> (artifact id: 'ee6f13088c2f18516fa353845660234e') in 0.0113812 seconds
Number of updated asset objects reloaded before import = 0Number of asset objects unloaded after import = 1

========================================================================
Received Import Request.
  Time since last request: 0.000030 seconds.
  path: Assets/ModularFirstPersonController/How To Use.pdf
  artifactKey: Guid(167a5ec0045348e4997182aa0e0fcea2) Importer(2089858483,d624ce77472d68a35037170ec1d2d27e)
Start importing Assets/ModularFirstPersonController/How To Use.pdf using Guid(167a5ec0045348e4997182aa0e0fcea2) Importer(2089858483,d624ce77472d68a35037170ec1d2d27e) (ScriptedImporter) -> (artifact id: '09077e5283d5297ae9c02026ce14f686') in 0.0172954 seconds
Number of updated asset objects reloaded before import = 0Number of asset objects unloaded after import = 1

========================================================================
Received Import Request.
  Time since last request: 0.000024 seconds.
  path: Assets/ModularFirstPersonController/FirstPersonController/CircleReticle.png
  artifactKey: Guid(be4ce60e2c9768c44b9b10b9c5258045) Importer(2089858483,d624ce77472d68a35037170ec1d2d27e)
Start importing Assets/ModularFirstPersonController/FirstPersonController/CircleReticle.png using Guid(be4ce60e2c9768c44b9b10b9c5258045) Importer(2089858483,d624ce77472d68a35037170ec1d2d27e) (ScriptedImporter) -> (artifact id: '531094af8649c074e1e7bd59add10031') in 0.0210241 seconds
Number of updated asset objects reloaded before import = 0Number of asset objects unloaded after import = 3

========================================================================
Received Import Request.
  Time since last request: 0.000032 seconds.
  path: Assets/_Third Party
  artifactKey: Guid(725add38ba38c6c45b64771663305d4a) Importer(815301076,1909f56bfc062723c751e8b465ee728b)
Start importing Assets/_Third Party using Guid(725add38ba38c6c45b64771663305d4a) Importer(815301076,1909f56bfc062723c751e8b465ee728b) (PreviewImporter) -> (artifact id: '5a6cdcf45bde6584f7a758addda6b869') in 0.0021902 seconds
Number of updated asset objects reloaded before import = 0Number of asset objects unloaded after import = 0

========================================================================
Received Import Request.
  Time since last request: 5.634649 seconds.
  path: Assets/Settings/Ultra_PipelineAsset.asset
  artifactKey: Guid(9eb788faa097ef845ae76741f6e6e965) Importer(2089858483,d624ce77472d68a35037170ec1d2d27e)
Start importing Assets/Settings/Ultra_PipelineAsset.asset using Guid(9eb788faa097ef845ae76741f6e6e965) Importer(2089858483,d624ce77472d68a35037170ec1d2d27e) (ScriptedImporter) -> (artifact id: '2e93a5432db76911af154ce6f907196d') in 0.0639946 seconds
Number of updated asset objects reloaded before import = 0Number of asset objects unloaded after import = 1

========================================================================
Received Import Request.
  Time since last request: 0.000023 seconds.
  path: Assets/ModularFirstPersonController/DemoScene/Gridbox Prototype Materials/Resources/Materials/Prototype Grid/Prototype_512x512_Yellow.mat
  artifactKey: Guid(c852af001dae0064e9acaa832f1dadb7) Importer(2089858483,d624ce77472d68a35037170ec1d2d27e)
Start importing Assets/ModularFirstPersonController/DemoScene/Gridbox Prototype Materials/Resources/Materials/Prototype Grid/Prototype_512x512_Yellow.mat using Guid(c852af001dae0064e9acaa832f1dadb7) Importer(2089858483,d624ce77472d68a35037170ec1d2d27e) (ScriptedImporter) -> (artifact id: '70ef18f91c9595c8864939d86cb1464e') in 0.0141927 seconds
Number of updated asset objects reloaded before import = 0Number of asset objects unloaded after import = 2

========================================================================
Received Import Request.
  Time since last request: 0.000030 seconds.
  path: Assets/Low Poly Weapons VOL.1/Models/TAN_LR_Scope_01.fbx
  artifactKey: Guid(2bbc7effaf5e34b4e9358a6c93bb1382) Importer(2089858483,d624ce77472d68a35037170ec1d2d27e)
Start importing Assets/Low Poly Weapons VOL.1/Models/TAN_LR_Scope_01.fbx using Guid(2bbc7effaf5e34b4e9358a6c93bb1382) Importer(2089858483,d624ce77472d68a35037170ec1d2d27e) (ScriptedImporter) -> (artifact id: 'd8475ea8aa73b12e2ed2eb27e29396df') in 0.0171962 seconds
Number of updated asset objects reloaded before import = 0Number of asset objects unloaded after import = 13

========================================================================
Received Import Request.
  Time since last request: 0.000021 seconds.
  path: Assets/Low Poly Weapons VOL.1/Prefabs/Uzi.prefab
  artifactKey: Guid(6273e2936e9d6a24e9f64c7c70d6bd19) Importer(2089858483,d624ce77472d68a35037170ec1d2d27e)
Start importing Assets/Low Poly Weapons VOL.1/Prefabs/Uzi.prefab using Guid(6273e2936e9d6a24e9f64c7c70d6bd19) Importer(2089858483,d624ce77472d68a35037170ec1d2d27e) (ScriptedImporter) -> (artifact id: 'fe4b57d505f0d73ea5b9ade7cdb607f1') in 0.0271768 seconds
Number of updated asset objects reloaded before import = 0Number of asset objects unloaded after import = 33

========================================================================
Received Import Request.
  Time since last request: 0.000022 seconds.
  path: Assets/ModularFirstPersonController/DemoScene/Gridbox Prototype Materials/Resources/Materials/Prototype Grid/Prototype_512x512_Green2.mat
  artifactKey: Guid(dbe80190c9adea34c8c8845ca4a17934) Importer(2089858483,d624ce77472d68a35037170ec1d2d27e)
Start importing Assets/ModularFirstPersonController/DemoScene/Gridbox Prototype Materials/Resources/Materials/Prototype Grid/Prototype_512x512_Green2.mat using Guid(dbe80190c9adea34c8c8845ca4a17934) Importer(2089858483,d624ce77472d68a35037170ec1d2d27e) (ScriptedImporter) -> (artifact id: '50f24ff4ebfd3bc679dcf259d4880334') in 0.0137935 seconds
Number of updated asset objects reloaded before import = 0Number of asset objects unloaded after import = 2

========================================================================
Received Import Request.
  Time since last request: 0.000024 seconds.
  path: Assets/ModularFirstPersonController/DemoScene/Gridbox Prototype Materials/Resources/Textures/Prototype Grid/prototype_512x512_grey2.png
  artifactKey: Guid(37920ac3813690349a856bbe19a86e2b) Importer(2089858483,d624ce77472d68a35037170ec1d2d27e)
Start importing Assets/ModularFirstPersonController/DemoScene/Gridbox Prototype Materials/Resources/Textures/Prototype Grid/prototype_512x512_grey2.png using Guid(37920ac3813690349a856bbe19a86e2b) Importer(2089858483,d624ce77472d68a35037170ec1d2d27e) (ScriptedImporter) -> (artifact id: '3eb7e135e730b7b52caf0015767e0473') in 0.0621919 seconds
Number of updated asset objects reloaded before import = 0Number of asset objects unloaded after import = 1

========================================================================
Received Import Request.
  Time since last request: 0.000030 seconds.
  path: Assets/Low Poly Weapons VOL.1/Models/Uzi.fbx
  artifactKey: Guid(ff8c9f278b5bc8e4c894e1122f4a81f3) Importer(2089858483,d624ce77472d68a35037170ec1d2d27e)
Start importing Assets/Low Poly Weapons VOL.1/Models/Uzi.fbx using Guid(ff8c9f278b5bc8e4c894e1122f4a81f3) Importer(2089858483,d624ce77472d68a35037170ec1d2d27e) (ScriptedImporter) -> (artifact id: '58bbae52ae8c8ed39ac808b4cba4e633') in 0.0197146 seconds
Number of updated asset objects reloaded before import = 0Number of asset objects unloaded after import = 33

========================================================================
Received Import Request.
  Time since last request: 0.000024 seconds.
  path: Assets/Low Poly Weapons VOL.1/Prefabs/Flash.prefab
  artifactKey: Guid(c0f110e4459b675489b7db1e686d5bc3) Importer(2089858483,d624ce77472d68a35037170ec1d2d27e)
Start importing Assets/Low Poly Weapons VOL.1/Prefabs/Flash.prefab using Guid(c0f110e4459b675489b7db1e686d5bc3) Importer(2089858483,d624ce77472d68a35037170ec1d2d27e) (ScriptedImporter) -> (artifact id: '61067aa02f3db45b90bde6a5210cd658') in 0.0211856 seconds
Number of updated asset objects reloaded before import = 0Number of asset objects unloaded after import = 13

========================================================================
Received Import Request.
  Time since last request: 0.000021 seconds.
  path: Assets/ModularFirstPersonController/DemoScene/Gridbox Prototype Materials/Resources/Materials/Prototype Grid/Prototype_512x512_Red.mat
  artifactKey: Guid(5a26de236ce89e94b963be8fa2b7ade6) Importer(2089858483,d624ce77472d68a35037170ec1d2d27e)
Start importing Assets/ModularFirstPersonController/DemoScene/Gridbox Prototype Materials/Resources/Materials/Prototype Grid/Prototype_512x512_Red.mat using Guid(5a26de236ce89e94b963be8fa2b7ade6) Importer(2089858483,d624ce77472d68a35037170ec1d2d27e) (ScriptedImporter) -> (artifact id: 'd1c981887248a2cbdf65865d80d1bd75') in 0.0252542 seconds
Number of updated asset objects reloaded before import = 0Number of asset objects unloaded after import = 2

========================================================================
Received Import Request.
  Time since last request: 0.000046 seconds.
  path: Assets/Low Poly Weapons VOL.1/Textures_Guns.png
  artifactKey: Guid(6a376fb3e11ce334ca96f417cead6576) Importer(2089858483,d624ce77472d68a35037170ec1d2d27e)
Start importing Assets/Low Poly Weapons VOL.1/Textures_Guns.png using Guid(6a376fb3e11ce334ca96f417cead6576) Importer(2089858483,d624ce77472d68a35037170ec1d2d27e) (ScriptedImporter) -> (artifact id: 'deba1baaaeda276f134247ff908ab4e0') in 0.0161866 seconds
Number of updated asset objects reloaded before import = 0Number of asset objects unloaded after import = 1

========================================================================
Received Import Request.
  Time since last request: 0.000033 seconds.
  path: Assets/ModularFirstPersonController/FirstPersonController/FirstPersonController.prefab
  artifactKey: Guid(6bacecc4f3df9584198879c73a6b6c36) Importer(2089858483,d624ce77472d68a35037170ec1d2d27e)
Start importing Assets/ModularFirstPersonController/FirstPersonController/FirstPersonController.prefab using Guid(6bacecc4f3df9584198879c73a6b6c36) Importer(2089858483,d624ce77472d68a35037170ec1d2d27e) (ScriptedImporter) -> (artifact id: 'df8a1edbf2af7aca6b155f0fb56d8c2a') in 0.0319167 seconds
Number of updated asset objects reloaded before import = 0Number of asset objects unloaded after import = 35

========================================================================
Received Import Request.
  Time since last request: 0.000021 seconds.
  path: Assets/Low Poly Weapons VOL.1/Models/M4_8.fbx
  artifactKey: Guid(c7741850eebe1df4ea75a80275b16311) Importer(2089858483,d624ce77472d68a35037170ec1d2d27e)
Start importing Assets/Low Poly Weapons VOL.1/Models/M4_8.fbx using Guid(c7741850eebe1df4ea75a80275b16311) Importer(2089858483,d624ce77472d68a35037170ec1d2d27e) (ScriptedImporter) -> (artifact id: '8e349510575f1aa7e2554b32719246ad') in 0.0205997 seconds
Number of updated asset objects reloaded before import = 0Number of asset objects unloaded after import = 33

========================================================================
Received Import Request.
  Time since last request: 0.000023 seconds.
  path: Assets/Low Poly Weapons VOL.1/Models/AK74.fbx
  artifactKey: Guid(6f966b9a7c817ed49973b4a8762cbbdf) Importer(2089858483,d624ce77472d68a35037170ec1d2d27e)
Start importing Assets/Low Poly Weapons VOL.1/Models/AK74.fbx using Guid(6f966b9a7c817ed49973b4a8762cbbdf) Importer(2089858483,d624ce77472d68a35037170ec1d2d27e) (ScriptedImporter) -> (artifact id: 'a8ec9f21a35b1932a6e7d3b977795c24') in 0.0255641 seconds
Number of updated asset objects reloaded before import = 0Number of asset objects unloaded after import = 23

========================================================================
Received Import Request.
  Time since last request: 0.000025 seconds.
  path: Assets/ModularFirstPersonController/DemoScene/Gridbox Prototype Materials/Resources/ProBuilder Data/Prototype Materials.asset
  artifactKey: Guid(bf95d34ab83b5ac40911f9e77a91a236) Importer(2089858483,d624ce77472d68a35037170ec1d2d27e)
Start importing Assets/ModularFirstPersonController/DemoScene/Gridbox Prototype Materials/Resources/ProBuilder Data/Prototype Materials.asset using Guid(bf95d34ab83b5ac40911f9e77a91a236) Importer(2089858483,d624ce77472d68a35037170ec1d2d27e) (ScriptedImporter) -> (artifact id: '7ef4d6a49f4573c42e1f647d03d12497') in 0.0127817 seconds
Number of updated asset objects reloaded before import = 0Number of asset objects unloaded after import = 1

========================================================================
Received Import Request.
  Time since last request: 0.000034 seconds.
  path: Assets/ModularFirstPersonController/DemoScene/Gridbox Prototype Materials/Resources/Materials/Prototype Grid/Prototype_512x512_Purple.mat
  artifactKey: Guid(36bce9ab6cae8ce43962938466458044) Importer(2089858483,d624ce77472d68a35037170ec1d2d27e)
Start importing Assets/ModularFirstPersonController/DemoScene/Gridbox Prototype Materials/Resources/Materials/Prototype Grid/Prototype_512x512_Purple.mat using Guid(36bce9ab6cae8ce43962938466458044) Importer(2089858483,d624ce77472d68a35037170ec1d2d27e) (ScriptedImporter) -> (artifact id: '15e8cc019be1f25a6758682a6d7fd7ce') in 0.0177235 seconds
Number of updated asset objects reloaded before import = 0Number of asset objects unloaded after import = 2

========================================================================
Received Import Request.
  Time since last request: 0.000021 seconds.
  path: Assets/Low Poly Weapons VOL.1/Prefabs/M1911.prefab
  artifactKey: Guid(6f1a7354265853f44b0ed5e2e43676ad) Importer(2089858483,d624ce77472d68a35037170ec1d2d27e)
Start importing Assets/Low Poly Weapons VOL.1/Prefabs/M1911.prefab using Guid(6f1a7354265853f44b0ed5e2e43676ad) Importer(2089858483,d624ce77472d68a35037170ec1d2d27e) (ScriptedImporter) -> (artifact id: 'ce3f155053042fbbf87d119ac3c37422') in 0.0180548 seconds
Number of updated asset objects reloaded before import = 0Number of asset objects unloaded after import = 31

========================================================================
Received Import Request.
  Time since last request: 0.000028 seconds.
  path: Assets/Low Poly Weapons VOL.1/Prefabs/RPG7.prefab
  artifactKey: Guid(02baef62b1bfedf40bb369fb7542b9e7) Importer(2089858483,d624ce77472d68a35037170ec1d2d27e)
Start importing Assets/Low Poly Weapons VOL.1/Prefabs/RPG7.prefab using Guid(02baef62b1bfedf40bb369fb7542b9e7) Importer(2089858483,d624ce77472d68a35037170ec1d2d27e) (ScriptedImporter) -> (artifact id: '2be643c68db37530675806b0466e4ba3') in 0.0416327 seconds
Number of updated asset objects reloaded before import = 0Number of asset objects unloaded after import = 18

========================================================================
Received Import Request.
  Time since last request: 0.000028 seconds.
  path: Assets/Low Poly Weapons VOL.1/Models/ELCAN.fbx
  artifactKey: Guid(7430c7a2877dd0b429a981e69ac2ed00) Importer(2089858483,d624ce77472d68a35037170ec1d2d27e)
Start importing Assets/Low Poly Weapons VOL.1/Models/ELCAN.fbx using Guid(7430c7a2877dd0b429a981e69ac2ed00) Importer(2089858483,d624ce77472d68a35037170ec1d2d27e) (ScriptedImporter) -> (artifact id: '327adf0f2c722285883b35d7aff43788') in 0.0342875 seconds
Number of updated asset objects reloaded before import = 0Number of asset objects unloaded after import = 8

========================================================================
Received Import Request.
  Time since last request: 0.000035 seconds.
  path: Assets/ModularFirstPersonController/DemoScene/Gridbox Prototype Materials/Resources/Materials/Prototype Grid/Prototype_512x512_Cyan.mat
  artifactKey: Guid(cba66c276aed0874091de1c33eb3950d) Importer(2089858483,d624ce77472d68a35037170ec1d2d27e)
Start importing Assets/ModularFirstPersonController/DemoScene/Gridbox Prototype Materials/Resources/Materials/Prototype Grid/Prototype_512x512_Cyan.mat using Guid(cba66c276aed0874091de1c33eb3950d) Importer(2089858483,d624ce77472d68a35037170ec1d2d27e) (ScriptedImporter) -> (artifact id: '98acff76e65d376c94c4a89b0df8095e') in 0.1159495 seconds
Number of updated asset objects reloaded before import = 0Number of asset objects unloaded after import = 2

========================================================================
Received Import Request.
  Time since last request: 0.000023 seconds.
  path: Assets/ModularFirstPersonController/DemoScene/Gridbox Prototype Materials/Resources/Materials/Prototype Grid/Prototype_512x512_Orange.mat
  artifactKey: Guid(652107f36a28e44479c0b827dee5852a) Importer(2089858483,d624ce77472d68a35037170ec1d2d27e)
Start importing Assets/ModularFirstPersonController/DemoScene/Gridbox Prototype Materials/Resources/Materials/Prototype Grid/Prototype_512x512_Orange.mat using Guid(652107f36a28e44479c0b827dee5852a) Importer(2089858483,d624ce77472d68a35037170ec1d2d27e) (ScriptedImporter) -> (artifact id: 'f2c4984f29e0f05408d162cb8b69f209') in 0.0133566 seconds
Number of updated asset objects reloaded before import = 0Number of asset objects unloaded after import = 2

========================================================================
Received Import Request.
  Time since last request: 0.000026 seconds.
  path: Assets/Low Poly Weapons VOL.1/Prefabs/RGD-5.prefab
  artifactKey: Guid(5a2bf64643e1fb0439ea39c0fc9b00ff) Importer(2089858483,d624ce77472d68a35037170ec1d2d27e)
Start importing Assets/Low Poly Weapons VOL.1/Prefabs/RGD-5.prefab using Guid(5a2bf64643e1fb0439ea39c0fc9b00ff) Importer(2089858483,d624ce77472d68a35037170ec1d2d27e) (ScriptedImporter) -> (artifact id: 'bbddf93ed58502bdaa256e72b83b395b') in 0.0253006 seconds
Number of updated asset objects reloaded before import = 0Number of asset objects unloaded after import = 18

========================================================================
Received Import Request.
  Time since last request: 0.000031 seconds.
  path: Assets/Low Poly Weapons VOL.1/Prefabs/AK74.prefab
  artifactKey: Guid(ee329c3cd08e58645834d20702d7f6c6) Importer(2089858483,d624ce77472d68a35037170ec1d2d27e)
Start importing Assets/Low Poly Weapons VOL.1/Prefabs/AK74.prefab using Guid(ee329c3cd08e58645834d20702d7f6c6) Importer(2089858483,d624ce77472d68a35037170ec1d2d27e) (ScriptedImporter) -> (artifact id: '2bd66730f667ad33229c1e942055af09') in 0.0195872 seconds
Number of updated asset objects reloaded before import = 0Number of asset objects unloaded after import = 23

========================================================================
Received Import Request.
  Time since last request: 0.000024 seconds.
  path: Assets/_Scene/House.unity
  artifactKey: Guid(8b23f1655c85d7e4598d443f28bd1f23) Importer(2089858483,d624ce77472d68a35037170ec1d2d27e)
Start importing Assets/_Scene/House.unity using Guid(8b23f1655c85d7e4598d443f28bd1f23) Importer(2089858483,d624ce77472d68a35037170ec1d2d27e) (ScriptedImporter) -> (artifact id: 'f37ac4fa4c491c128679a78306379a5c') in 0.0212864 seconds
Number of updated asset objects reloaded before import = 0Number of asset objects unloaded after import = 1

========================================================================
Received Import Request.
  Time since last request: 0.000021 seconds.
  path: Assets/Low Poly Weapons VOL.1/Prefabs/Smoke.prefab
  artifactKey: Guid(8b4cba336c093ff41ae9321f9f8433d6) Importer(2089858483,d624ce77472d68a35037170ec1d2d27e)
Start importing Assets/Low Poly Weapons VOL.1/Prefabs/Smoke.prefab using Guid(8b4cba336c093ff41ae9321f9f8433d6) Importer(2089858483,d624ce77472d68a35037170ec1d2d27e) (ScriptedImporter) -> (artifact id: '2caf04e4b2a9370189850f34063938cd') in 0.021262 seconds
Number of updated asset objects reloaded before import = 0Number of asset objects unloaded after import = 13

========================================================================
Received Import Request.
  Time since last request: 0.000025 seconds.
  path: Assets/Low Poly Weapons VOL.1/Prefabs/M107.prefab
  artifactKey: Guid(7359baf27e84aa44cafac3788c8be0f1) Importer(2089858483,d624ce77472d68a35037170ec1d2d27e)
Start importing Assets/Low Poly Weapons VOL.1/Prefabs/M107.prefab using Guid(7359baf27e84aa44cafac3788c8be0f1) Importer(2089858483,d624ce77472d68a35037170ec1d2d27e) (ScriptedImporter) -> (artifact id: '00000000000000000000000000000000') in 0.7817611 seconds
Import Error Code:(4)
Message: Build asset version error: assets/low poly weapons vol.1/prefabs/m107.prefab in SourceAssetDB has modification time of '2026-04-01T05:25:43.1625492Z' while content on disk has modification time of '0001-01-01T00:00:00Z' with error code 2
Stacktrace:
0x00007ff84df7222e (Unity) StackWalker::ShowCallstack
0x00007ff84f7a88a9 (Unity) PlatformStacktrace::GetStacktrace
0x00007ff84f7a912e (Unity) Stacktrace::GetStacktrace
0x00007ff850718650 (Unity) GetAssetHashAndValidate
0x00007ff850713f83 (Unity) AssetVersionBuilder::BuildHashOfSourceAssetArray
0x00007ff850712077 (Unity) AssetVersionBuilder::BuildAssetVersion
0x00007ff850693dcd (Unity) CreateAssetVersionBuilder
0x00007ff850699643 (Unity) ImportToObjects
0x00007ff850698292 (Unity) ImportAsset
0x00007ff8506bbe59 (Unity) AssetImportWorker::Import
0x00007ff850728ef3 (Unity) <lambda_59bd213d68cdb8fe9cc041ceb76081a8>::operator()
0x00007ff850768c6f (Unity) asio::detail::completion_handler<core::mutable_function<void __cdecl(void)>,asio::io_context::basic_executor_type<std::allocator<void>,0> >::do_complete
0x00007ff850756561 (Unity) asio::detail::win_iocp_io_context::do_one
0x00007ff850757784 (Unity) asio::detail::win_iocp_io_context::run
0x00007ff8507672d9 (Unity) IOService::Run
0x00007ff850739e9f (Unity) AssetImportWorkerClient::Run
0x00007ff8506fe0a8 (Unity) RunAssetImportWorkerClientV2
0x00007ff8506fe11b (Unity) RunAssetImporterV2
0x00007ff84efd762f (Unity) Application::InitializeProject
0x00007ff84edcc273 (Unity) UnityMain
0x00007ff69cd22f2a (Unity) __scrt_common_main_seh
0x00007ff9189ce8d7 (KERNEL32) BaseThreadInitThunk
0x00007ff919a0c48c (ntdll) RtlUserThreadStart

  ERROR: Build asset version error: assets/low poly weapons vol.1/prefabs/m107.prefab in SourceAssetDB has modification time of '2026-04-01T05:25:43.1625492Z' while content on disk has modification time of '0001-01-01T00:00:00Z' with error code 2
Stacktrace:
0x00007ff84df7222e (Unity) StackWalker::ShowCallstack
0x00007ff84f7a88a9 (Unity) PlatformStacktrace::GetStacktrace
0x00007ff84f7a912e (Unity) Stacktrace::GetStacktrace
0x00007ff850718650 (Unity) GetAssetHashAndValidate
0x00007ff850713f83 (Unity) AssetVersionBuilder::BuildHashOfSourceAssetArray
0x00007ff850712077 (Unity) AssetVersionBuilder::BuildAssetVersion
0x00007ff850693dcd (Unity) CreateAssetVersionBuilder
0x00007ff850699643 (Unity) ImportToObjects
0x00007ff850698292 (Unity) ImportAsset
0x00007ff8506bbe59 (Unity) AssetImportWorker::Import
0x00007ff850728ef3 (Unity) <lambda_59bd213d68cdb8fe9cc041ceb76081a8>::operator()
0x00007ff850768c6f (Unity) asio::detail::completion_handler<core::mutable_function<void __cdecl(void)>,asio::io_context::basic_executor_type<std::allocator<void>,0> >::do_complete
0x00007ff850756561 (Unity) asio::detail::win_iocp_io_context::do_one
0x00007ff850757784 (Unity) asio::detail::win_iocp_io_context::run
0x00007ff8507672d9 (Unity) IOService::Run
0x00007ff850739e9f (Unity) AssetImportWorkerClient::Run
0x00007ff8506fe0a8 (Unity) RunAssetImportWorkerClientV2
0x00007ff8506fe11b (Unity) RunAssetImporterV2
0x00007ff84efd762f (Unity) Application::InitializeProject
0x00007ff84edcc273 (Unity) UnityMain
0x00007ff69cd22f2a (Unity) __scrt_common_main_seh
0x00007ff9189ce8d7 (KERNEL32) BaseThreadInitThunk
0x00007ff919a0c48c (ntdll) RtlUserThreadStart

Number of updated asset objects reloaded before import = 0Number of asset objects unloaded after import = 4

========================================================================
Received Prepare
Refreshing native plugins compatible for Editor in 2.90 ms, found 3 plugins.
Preloading 0 native plugins for Editor in 0.00 ms.
Unloading 29 Unused Serialized files (Serialized files now loaded: 0)
Unloading 5527 unused Assets / (5.6 MB). Loaded Objects now: 6597.
Memory consumption went from 155.4 MB to 149.8 MB.
Total: 20.698600 ms (FindLiveObjects: 0.901000 ms CreateObjectMapping: 2.130600 ms MarkObjects: 11.230400 ms  DeleteObjects: 6.435200 ms)

Prepare: number of updated asset objects reloaded= 0
========================================================================
Received Prepare
Begin MonoManager ReloadAssembly
[Licensing::Client] Successfully resolved entitlement details
[Licensing::Module] License group:
  Id: F4-MDN9-DCJU-STJA-WJ2X-XXXX
  Product: Unity Personal
  Type: ULF
  Expiration: Unlimited
[Licensing::Module] License group:
  Id: 4673211846037-UnityPersXXXX
  Product: Unity Personal
  Type: Assigned
  Expiration: Unlimited
ADTM: Control thread waiting for realtime thread timed out, have to lock...
- Loaded All Assemblies, in  4.129 seconds
Refreshing native plugins compatible for Editor in 1.66 ms, found 3 plugins.
Native extension for WindowsStandalone target not found
[Package Manager] Failed to launch server process. Reason: Unity was launched with the -noUpm command-line argument
[Package Manager] Unable to send message (not connected to server process).
[Package Manager] Cannot connect to Unity Package Manager local server
[MODES] ModeService[none].Initialize
[MODES] ModeService[none].LoadModes
[Package Manager] Failed to launch server process. Reason: Unity was launched with the -noUpm command-line argument
[Package Manager] Unable to send message (not connected to server process).
[Package Manager] Cannot connect to Unity Package Manager local server
ScheduleIndexationOnStartup MainProcess:False IndexOnStartup:True
Mono: successfully reloaded assembly
- Finished resetting the current domain, in  0.915 seconds
Domain Reload Profiling: 5042ms
	BeginReloadAssembly (1644ms)
		ExecutionOrderSort (0ms)
		DisableScriptedObjects (32ms)
		BackupInstance (0ms)
		ReleaseScriptingObjects (0ms)
		CreateAndSetChildDomain (1094ms)
	RebuildCommonClasses (173ms)
	RebuildNativeTypeToScriptingClass (18ms)
	initialDomainReloadingComplete (39ms)
	LoadAllAssembliesAndSetupDomain (2252ms)
		LoadAssemblies (2387ms)
		RebuildTransferFunctionScriptingTraits (0ms)
		AnalyzeDomain (309ms)
			TypeCache.Refresh (11ms)
				TypeCache.ScanAssembly (2ms)
			BuildScriptInfoCaches (279ms)
			ResolveRequiredComponents (13ms)
	FinalizeReload (915ms)
		ReleaseScriptCaches (0ms)
		RebuildScriptCaches (0ms)
		SetupLoadedEditorAssemblies (696ms)
			LogAssemblyErrors (0ms)
			InitializePlatformSupportModulesInManaged (2ms)
			SetLoadedEditorAssemblies (7ms)
			BeforeProcessingInitializeOnLoad (171ms)
			ProcessInitializeOnLoadAttributes (431ms)
			ProcessInitializeOnLoadMethodAttributes (74ms)
			AfterProcessingInitializeOnLoad (10ms)
			EditorAssembliesLoaded (0ms)
		ExecutionOrderSort2 (0ms)
		AwakeInstancesAfterBackupRestoration (30ms)
Refreshing native plugins compatible for Editor in 1.94 ms, found 3 plugins.
Preloading 0 native plugins for Editor in 0.00 ms.
Unloading 29 Unused Serialized files (Serialized files now loaded: 0)
Unloading 5534 unused Assets / (6.0 MB). Loaded Objects now: 6517.
Memory consumption went from 154.2 MB to 148.1 MB.
Total: 9.361200 ms (FindLiveObjects: 0.684200 ms CreateObjectMapping: 0.968000 ms MarkObjects: 5.229300 ms  DeleteObjects: 2.478700 ms)

Prepare: number of updated asset objects reloaded= 0
========================================================================
Received Import Request.
  Time since last request: 6472.720675 seconds.
  path: Assets/_Script/Player/PlayerCharacterController.cs
  artifactKey: Guid(e12fc4fb19a68da4d9b414645b481f17) Importer(2089858483,d624ce77472d68a35037170ec1d2d27e)
Start importing Assets/_Script/Player/PlayerCharacterController.cs using Guid(e12fc4fb19a68da4d9b414645b481f17) Importer(2089858483,d624ce77472d68a35037170ec1d2d27e) (ScriptedImporter) -> (artifact id: 'cc4e2c4fe04b31835bdf73a02ac972a5') in 0.211208 seconds
Number of updated asset objects reloaded before import = 0Number of asset objects unloaded after import = 0

========================================================================
Received Import Request.
  Time since last request: 0.000048 seconds.
  path: Assets/_Third Party/ModularFirstPersonController/DemoScene/Gridbox Prototype Materials/Resources/Textures/Prototype Grid/prototype_512x512_blue3.png
  artifactKey: Guid(b6fc60785b6a795478135ce6f7712c5a) Importer(2089858483,d624ce77472d68a35037170ec1d2d27e)
Start importing Assets/_Third Party/ModularFirstPersonController/DemoScene/Gridbox Prototype Materials/Resources/Textures/Prototype Grid/prototype_512x512_blue3.png using Guid(b6fc60785b6a795478135ce6f7712c5a) Importer(2089858483,d624ce77472d68a35037170ec1d2d27e) (ScriptedImporter) -> (artifact id: '4d0833e2eb2720824c2a69f3d3602159') in 0.1204092 seconds
Number of updated asset objects reloaded before import = 0Number of asset objects unloaded after import = 1

========================================================================
Received Import Request.
  Time since last request: 0.000025 seconds.
  path: Assets/_Third Party/Low Poly Weapons VOL.1/Prefabs
  artifactKey: Guid(4b1dba3d474fa064b9375a0fabfa491f) Importer(2089858483,d624ce77472d68a35037170ec1d2d27e)
Start importing Assets/_Third Party/Low Poly Weapons VOL.1/Prefabs using Guid(4b1dba3d474fa064b9375a0fabfa491f) Importer(2089858483,d624ce77472d68a35037170ec1d2d27e) (ScriptedImporter) -> (artifact id: '1f559302afaf2927e8821fe44b19a72c') in 0.0496552 seconds
Number of updated asset objects reloaded before import = 0Number of asset objects unloaded after import = 1

========================================================================
Received Import Request.
  Time since last request: 0.000016 seconds.
  path: Assets/_Third Party/ModularFirstPersonController/DemoScene/Gridbox Prototype Materials/Resources/Textures/Prototype Grid/prototype_512x512_green2.png
  artifactKey: Guid(382df89af99b9f2459dd19206e68a63d) Importer(2089858483,d624ce77472d68a35037170ec1d2d27e)
Start importing Assets/_Third Party/ModularFirstPersonController/DemoScene/Gridbox Prototype Materials/Resources/Textures/Prototype Grid/prototype_512x512_green2.png using Guid(382df89af99b9f2459dd19206e68a63d) Importer(2089858483,d624ce77472d68a35037170ec1d2d27e) (ScriptedImporter) -> (artifact id: 'e7a4fc1c42813cd9b12eefa064c0e800') in 0.0431043 seconds
Number of updated asset objects reloaded before import = 0Number of asset objects unloaded after import = 1

========================================================================
Received Import Request.
  Time since last request: 0.000022 seconds.
  path: Assets/_Third Party/ModularFirstPersonController/DemoScene/Gridbox Prototype Materials/Resources/Materials/Prototype Grid/Prototype_512x512_Blue2.mat
  artifactKey: Guid(5e148de6cdf2d164aa3e3f90ce8c852c) Importer(2089858483,d624ce77472d68a35037170ec1d2d27e)
Start importing Assets/_Third Party/ModularFirstPersonController/DemoScene/Gridbox Prototype Materials/Resources/Materials/Prototype Grid/Prototype_512x512_Blue2.mat using Guid(5e148de6cdf2d164aa3e3f90ce8c852c) Importer(2089858483,d624ce77472d68a35037170ec1d2d27e) (ScriptedImporter) -> (artifact id: 'e5d3839db732f56a883967a8d839aa02') in 0.0921825 seconds
Number of updated asset objects reloaded before import = 0Number of asset objects unloaded after import = 2

========================================================================
Received Import Request.
  Time since last request: 0.000026 seconds.
  path: Assets/_Third Party/ModularFirstPersonController/DemoScene/Gridbox Prototype Materials/Resources/Textures/Prototype Grid/prototype_512x512_orange.png
  artifactKey: Guid(fe3e0a556829be24bb87c912d79e872d) Importer(2089858483,d624ce77472d68a35037170ec1d2d27e)
Start importing Assets/_Third Party/ModularFirstPersonController/DemoScene/Gridbox Prototype Materials/Resources/Textures/Prototype Grid/prototype_512x512_orange.png using Guid(fe3e0a556829be24bb87c912d79e872d) Importer(2089858483,d624ce77472d68a35037170ec1d2d27e) (ScriptedImporter) -> (artifact id: 'b8687ff8a732ca5fc3640435dca7d0fe') in 0.0555802 seconds
Number of updated asset objects reloaded before import = 0Number of asset objects unloaded after import = 1

========================================================================
Received Import Request.
  Time since last request: 0.000016 seconds.
  path: Assets/_Third Party/ModularFirstPersonController/DemoScene/Gridbox Prototype Materials/Resources/Textures
  artifactKey: Guid(a1eecf8d7e6ca0e4cbf451a621a5a5a5) Importer(2089858483,d624ce77472d68a35037170ec1d2d27e)
Start importing Assets/_Third Party/ModularFirstPersonController/DemoScene/Gridbox Prototype Materials/Resources/Textures using Guid(a1eecf8d7e6ca0e4cbf451a621a5a5a5) Importer(2089858483,d624ce77472d68a35037170ec1d2d27e) (ScriptedImporter) -> (artifact id: '3b3587fead7b2497519b69d817b01588') in 0.0350608 seconds
Number of updated asset objects reloaded before import = 0Number of asset objects unloaded after import = 1

========================================================================
Received Import Request.
  Time since last request: 0.000019 seconds.
  path: Assets/_Third Party/ModularFirstPersonController/DemoScene/Gridbox Prototype Materials/Resources/Materials/Prototype Grid/Prototype_512x512_Grey3.mat
  artifactKey: Guid(17c44fb3e5be9644586a0728a5f5a386) Importer(2089858483,d624ce77472d68a35037170ec1d2d27e)
Start importing Assets/_Third Party/ModularFirstPersonController/DemoScene/Gridbox Prototype Materials/Resources/Materials/Prototype Grid/Prototype_512x512_Grey3.mat using Guid(17c44fb3e5be9644586a0728a5f5a386) Importer(2089858483,d624ce77472d68a35037170ec1d2d27e) (ScriptedImporter) -> (artifact id: 'bb96e2afe9700d9d7738f477884b6e59') in 0.0518892 seconds
Number of updated asset objects reloaded before import = 0Number of asset objects unloaded after import = 2

========================================================================
Received Import Request.
  Time since last request: 0.000026 seconds.
  path: Assets/_Third Party/Low Poly Weapons VOL.1/Prefabs/SR_Scope_00.prefab
  artifactKey: Guid(cb825447b7c1ef442a049949c3f95ba7) Importer(2089858483,d624ce77472d68a35037170ec1d2d27e)
Start importing Assets/_Third Party/Low Poly Weapons VOL.1/Prefabs/SR_Scope_00.prefab using Guid(cb825447b7c1ef442a049949c3f95ba7) Importer(2089858483,d624ce77472d68a35037170ec1d2d27e) (ScriptedImporter) -> (artifact id: '1990d6369bae4cc6bcccb4e5ca1ccf4d') in 0.1086212 seconds
Number of updated asset objects reloaded before import = 0Number of asset objects unloaded after import = 11

========================================================================
Received Import Request.
  Time since last request: 0.000023 seconds.
  path: Assets/_Third Party/ModularFirstPersonController/DemoScene/Gridbox Prototype Materials/Resources/Materials/Prototype Grid/Prototype_512x512_Brown.mat
  artifactKey: Guid(a54b7ad866d3a9b47bbf3b53baa0acc4) Importer(2089858483,d624ce77472d68a35037170ec1d2d27e)
Start importing Assets/_Third Party/ModularFirstPersonController/DemoScene/Gridbox Prototype Materials/Resources/Materials/Prototype Grid/Prototype_512x512_Brown.mat using Guid(a54b7ad866d3a9b47bbf3b53baa0acc4) Importer(2089858483,d624ce77472d68a35037170ec1d2d27e) (ScriptedImporter) -> (artifact id: 'f62cb1813cbc627506f163a8d1d69a31') in 0.0571962 seconds
Number of updated asset objects reloaded before import = 0Number of asset objects unloaded after import = 2

========================================================================
Received Import Request.
  Time since last request: 0.000026 seconds.
  path: Assets/_Third Party/ModularFirstPersonController/DemoScene/Gridbox Prototype Materials/Resources/Materials/Prototype Grid/Prototype_512x512_Grey2.mat
  artifactKey: Guid(07dc66ae04b7f6a43b9674bf0fefb33a) Importer(2089858483,d624ce77472d68a35037170ec1d2d27e)
Start importing Assets/_Third Party/ModularFirstPersonController/DemoScene/Gridbox Prototype Materials/Resources/Materials/Prototype Grid/Prototype_512x512_Grey2.mat using Guid(07dc66ae04b7f6a43b9674bf0fefb33a) Importer(2089858483,d624ce77472d68a35037170ec1d2d27e) (ScriptedImporter) -> (artifact id: '20572d0106ca2ab416a378f881e454f6') in 0.2630163 seconds
Number of updated asset objects reloaded before import = 0Number of asset objects unloaded after import = 2

========================================================================
Received Import Request.
  Time since last request: 0.000021 seconds.
  path: Assets/_Third Party
  artifactKey: Guid(725add38ba38c6c45b64771663305d4a) Importer(2089858483,d624ce77472d68a35037170ec1d2d27e)
Start importing Assets/_Third Party using Guid(725add38ba38c6c45b64771663305d4a) Importer(2089858483,d624ce77472d68a35037170ec1d2d27e) (ScriptedImporter) -> (artifact id: 'f72fdbab49cf6d20fb8c71e57bb59cbd') in 0.0164313 seconds
Number of updated asset objects reloaded before import = 0Number of asset objects unloaded after import = 1

========================================================================
Received Import Request.
  Time since last request: 0.000024 seconds.
  path: Assets/_Third Party/ModularFirstPersonController/DemoScene/Gridbox Prototype Materials/Resources/Textures/Prototype Grid/prototype_512x512_grey1.png
  artifactKey: Guid(dd29f35641da38647a1eeb1028211f1a) Importer(2089858483,d624ce77472d68a35037170ec1d2d27e)
Start importing Assets/_Third Party/ModularFirstPersonController/DemoScene/Gridbox Prototype Materials/Resources/Textures/Prototype Grid/prototype_512x512_grey1.png using Guid(dd29f35641da38647a1eeb1028211f1a) Importer(2089858483,d624ce77472d68a35037170ec1d2d27e) (ScriptedImporter) -> (artifact id: 'c859970cc46c67b5246c9ac47342b361') in 0.0562124 seconds
Number of updated asset objects reloaded before import = 0Number of asset objects unloaded after import = 1

========================================================================
Received Import Request.
  Time since last request: 0.000015 seconds.
  path: Assets/_Third Party/Low Poly Weapons VOL.1/Models/Flash.fbx
  artifactKey: Guid(0463b32f3348438449af40d60686807b) Importer(2089858483,d624ce77472d68a35037170ec1d2d27e)
Start importing Assets/_Third Party/Low Poly Weapons VOL.1/Models/Flash.fbx using Guid(0463b32f3348438449af40d60686807b) Importer(2089858483,d624ce77472d68a35037170ec1d2d27e) (ScriptedImporter) -> (artifact id: '4ee3d144263b0d81d3d62d82f61cc635') in 0.0914794 seconds
Number of updated asset objects reloaded before import = 0Number of asset objects unloaded after import = 13

========================================================================
Received Import Request.
  Time since last request: 0.000031 seconds.
  path: Assets/_Third Party/ModularFirstPersonController/FirstPersonController/FirstPersonController.cs
  artifactKey: Guid(d90ba6530d9bfda47abb4610956b2f44) Importer(2089858483,d624ce77472d68a35037170ec1d2d27e)
Start importing Assets/_Third Party/ModularFirstPersonController/FirstPersonController/FirstPersonController.cs using Guid(d90ba6530d9bfda47abb4610956b2f44) Importer(2089858483,d624ce77472d68a35037170ec1d2d27e) (ScriptedImporter) -> (artifact id: 'ec37f8122ef24dbc3af85b1a9c99ca13') in 0.0509488 seconds
Number of updated asset objects reloaded before import = 0Number of asset objects unloaded after import = 0

========================================================================
Received Import Request.
  Time since last request: 0.000024 seconds.
  path: Assets/_Third Party/ModularFirstPersonController/DemoScene/Gridbox Prototype Materials/Resources/Textures/Prototype Grid/prototype_512x512_cyan.png
  artifactKey: Guid(6c35396cb8128474a8a73c6b19f2fe1f) Importer(2089858483,d624ce77472d68a35037170ec1d2d27e)
Start importing Assets/_Third Party/ModularFirstPersonController/DemoScene/Gridbox Prototype Materials/Resources/Textures/Prototype Grid/prototype_512x512_cyan.png using Guid(6c35396cb8128474a8a73c6b19f2fe1f) Importer(2089858483,d624ce77472d68a35037170ec1d2d27e) (ScriptedImporter) -> (artifact id: '3daa08a1cf57ba8e77e373901e2a48b0') in 0.0771091 seconds
Number of updated asset objects reloaded before import = 0Number of asset objects unloaded after import = 1

========================================================================
Received Import Request.
  Time since last request: 0.000015 seconds.
  path: Assets/_Third Party/Low Poly Weapons VOL.1/Prefabs/M249.prefab
  artifactKey: Guid(432643b6e5110004083fdff3e33e490b) Importer(2089858483,d624ce77472d68a35037170ec1d2d27e)
Start importing Assets/_Third Party/Low Poly Weapons VOL.1/Prefabs/M249.prefab using Guid(432643b6e5110004083fdff3e33e490b) Importer(2089858483,d624ce77472d68a35037170ec1d2d27e) (ScriptedImporter) -> (artifact id: 'b42129553439538a0c2ce3c37e5dbc10') in 0.0617007 seconds
Number of updated asset objects reloaded before import = 0Number of asset objects unloaded after import = 28

========================================================================
Received Import Request.
  Time since last request: 0.000019 seconds.
  path: Assets/_Third Party/ModularFirstPersonController/DemoScene/Gridbox Prototype Materials/Resources/Materials/Prototype Grid
  artifactKey: Guid(cecfe17a50e489e4f8101820a64e4e59) Importer(2089858483,d624ce77472d68a35037170ec1d2d27e)
Start importing Assets/_Third Party/ModularFirstPersonController/DemoScene/Gridbox Prototype Materials/Resources/Materials/Prototype Grid using Guid(cecfe17a50e489e4f8101820a64e4e59) Importer(2089858483,d624ce77472d68a35037170ec1d2d27e) (ScriptedImporter) -> (artifact id: 'a064af9ba5f44d76bcda85114aefa66d') in 0.015015 seconds
Number of updated asset objects reloaded before import = 0Number of asset objects unloaded after import = 1

========================================================================
Received Import Request.
  Time since last request: 0.000026 seconds.
  path: Assets/_Third Party/Low Poly Weapons VOL.1/Models
  artifactKey: Guid(c2ea3f448776c9645ba9ffd49106fa9a) Importer(2089858483,d624ce77472d68a35037170ec1d2d27e)
Start importing Assets/_Third Party/Low Poly Weapons VOL.1/Models using Guid(c2ea3f448776c9645ba9ffd49106fa9a) Importer(2089858483,d624ce77472d68a35037170ec1d2d27e) (ScriptedImporter) -> (artifact id: '1de8a66765294983b31c0ce5063703c4') in 0.0172394 seconds
Number of updated asset objects reloaded before import = 0Number of asset objects unloaded after import = 1

========================================================================
Received Import Request.
  Time since last request: 0.000016 seconds.
  path: Assets/_Third Party/ModularFirstPersonController/DemoScene/Gridbox Prototype Materials/Resources/Materials/Prototype Grid/Prototype_512x512_Blue3.mat
  artifactKey: Guid(b0b4de3bd6e976e4f8b3adc6e72377ed) Importer(2089858483,d624ce77472d68a35037170ec1d2d27e)
Start importing Assets/_Third Party/ModularFirstPersonController/DemoScene/Gridbox Prototype Materials/Resources/Materials/Prototype Grid/Prototype_512x512_Blue3.mat using Guid(b0b4de3bd6e976e4f8b3adc6e72377ed) Importer(2089858483,d624ce77472d68a35037170ec1d2d27e) (ScriptedImporter) -> (artifact id: '15fa2c4e6c272ecad8574a7e82b4e89a') in 0.0857705 seconds
Number of updated asset objects reloaded before import = 0Number of asset objects unloaded after import = 2

========================================================================
Received Import Request.
  Time since last request: 0.000024 seconds.
  path: Assets/_Third Party/ModularFirstPersonController/DemoScene/Gridbox Prototype Materials/Resources/Materials/Prototype Grid/Prototype_512x512_Grey1.mat
  artifactKey: Guid(c181c23a6120fbe4aadd5bb53a58dd78) Importer(2089858483,d624ce77472d68a35037170ec1d2d27e)
Start importing Assets/_Third Party/ModularFirstPersonController/DemoScene/Gridbox Prototype Materials/Resources/Materials/Prototype Grid/Prototype_512x512_Grey1.mat using Guid(c181c23a6120fbe4aadd5bb53a58dd78) Importer(2089858483,d624ce77472d68a35037170ec1d2d27e) (ScriptedImporter) -> (artifact id: '7aef0046d079f582d286b58c1493175f') in 0.0253258 seconds
Number of updated asset objects reloaded before import = 0Number of asset objects unloaded after import = 2

========================================================================
Received Import Request.
  Time since last request: 0.000024 seconds.
  path: Assets/_Third Party/ModularFirstPersonController/DemoScene/Gridbox Prototype Materials/Resources/Textures/Prototype Grid/prototype_512x512_yellow.png
  artifactKey: Guid(ee12d2bc9f5c8554d97d5beb9dc4b275) Importer(2089858483,d624ce77472d68a35037170ec1d2d27e)
Start importing Assets/_Third Party/ModularFirstPersonController/DemoScene/Gridbox Prototype Materials/Resources/Textures/Prototype Grid/prototype_512x512_yellow.png using Guid(ee12d2bc9f5c8554d97d5beb9dc4b275) Importer(2089858483,d624ce77472d68a35037170ec1d2d27e) (ScriptedImporter) -> (artifact id: '052877e31c5259f458640671eb741512') in 0.0928014 seconds
Number of updated asset objects reloaded before import = 0Number of asset objects unloaded after import = 1

========================================================================
Received Import Request.
  Time since last request: 0.000015 seconds.
  path: Assets/_Third Party/Low Poly Weapons VOL.1/Models/Smoke.fbx
  artifactKey: Guid(fdd9b790eff3ea74d9c1ccf2c0db76bb) Importer(2089858483,d624ce77472d68a35037170ec1d2d27e)
Start importing Assets/_Third Party/Low Poly Weapons VOL.1/Models/Smoke.fbx using Guid(fdd9b790eff3ea74d9c1ccf2c0db76bb) Importer(2089858483,d624ce77472d68a35037170ec1d2d27e) (ScriptedImporter) -> (artifact id: 'f07ee6b7dc8f0395738340657db00559') in 0.0618586 seconds
Number of updated asset objects reloaded before import = 0Number of asset objects unloaded after import = 13

========================================================================
Received Import Request.
  Time since last request: 0.000021 seconds.
  path: Assets/_Third Party/Low Poly Weapons VOL.1/Prefabs/ELCAN.prefab
  artifactKey: Guid(75aeffeed5a736f46afbef3a42e93fab) Importer(2089858483,d624ce77472d68a35037170ec1d2d27e)
Start importing Assets/_Third Party/Low Poly Weapons VOL.1/Prefabs/ELCAN.prefab using Guid(75aeffeed5a736f46afbef3a42e93fab) Importer(2089858483,d624ce77472d68a35037170ec1d2d27e) (ScriptedImporter) -> (artifact id: 'e8ba9c32ec40d842890d3693b3ec1246') in 0.0873815 seconds
Number of updated asset objects reloaded before import = 0Number of asset objects unloaded after import = 8

========================================================================
Received Import Request.
  Time since last request: 0.000028 seconds.
  path: Assets/_Third Party/ModularFirstPersonController/DemoScene
  artifactKey: Guid(7d2c7648db4398a488c3e3a2d79fab5f) Importer(2089858483,d624ce77472d68a35037170ec1d2d27e)
Start importing Assets/_Third Party/ModularFirstPersonController/DemoScene using Guid(7d2c7648db4398a488c3e3a2d79fab5f) Importer(2089858483,d624ce77472d68a35037170ec1d2d27e) (ScriptedImporter) -> (artifact id: 'bfcde309e2794629cd8d8eb2a0161dea') in 0.038786 seconds
Number of updated asset objects reloaded before import = 0Number of asset objects unloaded after import = 1

========================================================================
Received Import Request.
  Time since last request: 0.000017 seconds.
  path: Assets/_Third Party/ModularFirstPersonController/DemoScene/Gridbox Prototype Materials/Resources/Textures/Prototype Grid/prototype_512x512_grey4.png
  artifactKey: Guid(ed0c2c8a99e92e14ba740ac8aa428288) Importer(2089858483,d624ce77472d68a35037170ec1d2d27e)
Start importing Assets/_Third Party/ModularFirstPersonController/DemoScene/Gridbox Prototype Materials/Resources/Textures/Prototype Grid/prototype_512x512_grey4.png using Guid(ed0c2c8a99e92e14ba740ac8aa428288) Importer(2089858483,d624ce77472d68a35037170ec1d2d27e) (ScriptedImporter) -> (artifact id: 'dceeff22841aded0ab719f6ab2b97ae1') in 0.0627403 seconds
Number of updated asset objects reloaded before import = 0Number of asset objects unloaded after import = 1

========================================================================
Received Import Request.
  Time since last request: 0.000020 seconds.
  path: Assets/_Third Party/Low Poly Weapons VOL.1/Prefabs/TAN_LR_Scope_01.prefab
  artifactKey: Guid(49535f27af2648646a94c1f9918737d6) Importer(2089858483,d624ce77472d68a35037170ec1d2d27e)
Start importing Assets/_Third Party/Low Poly Weapons VOL.1/Prefabs/TAN_LR_Scope_01.prefab using Guid(49535f27af2648646a94c1f9918737d6) Importer(2089858483,d624ce77472d68a35037170ec1d2d27e) (ScriptedImporter) -> (artifact id: '8c186efc1798bb4627a878040757af48') in 0.0772341 seconds
Number of updated asset objects reloaded before import = 0Number of asset objects unloaded after import = 13

========================================================================
Received Import Request.
  Time since last request: 0.000031 seconds.
  path: Assets/_Third Party/ModularFirstPersonController/DemoScene/Gridbox Prototype Materials/Resources/Textures/Prototype Grid/prototype_512x512_grey3.png
  artifactKey: Guid(d9c0dd5cdac07b145be73329e489869a) Importer(2089858483,d624ce77472d68a35037170ec1d2d27e)
Start importing Assets/_Third Party/ModularFirstPersonController/DemoScene/Gridbox Prototype Materials/Resources/Textures/Prototype Grid/prototype_512x512_grey3.png using Guid(d9c0dd5cdac07b145be73329e489869a) Importer(2089858483,d624ce77472d68a35037170ec1d2d27e) (ScriptedImporter) -> (artifact id: 'd73a29a0256325fb296d1d2756a8dcd0') in 0.0667762 seconds
Number of updated asset objects reloaded before import = 0Number of asset objects unloaded after import = 1

========================================================================
Received Import Request.
  Time since last request: 0.000015 seconds.
  path: Assets/_Third Party/ModularFirstPersonController/DemoScene/Gridbox Prototype Materials/Resources/Materials/Prototype Grid/Prototype_512x512_Green1.mat
  artifactKey: Guid(79f64ed6f5d6d374d91c3a0af4070258) Importer(2089858483,d624ce77472d68a35037170ec1d2d27e)
Start importing Assets/_Third Party/ModularFirstPersonController/DemoScene/Gridbox Prototype Materials/Resources/Materials/Prototype Grid/Prototype_512x512_Green1.mat using Guid(79f64ed6f5d6d374d91c3a0af4070258) Importer(2089858483,d624ce77472d68a35037170ec1d2d27e) (ScriptedImporter) -> (artifact id: '731c75596cfa355934f9447a27ce9756') in 0.0592661 seconds
Number of updated asset objects reloaded before import = 0Number of asset objects unloaded after import = 2

========================================================================
Received Import Request.
  Time since last request: 0.000019 seconds.
  path: Assets/_Third Party/ModularFirstPersonController/DemoScene/Gridbox Prototype Materials/Resources/Textures/Prototype Grid/prototype_512x512_red.png
  artifactKey: Guid(3d6064e2e1cd7214e9f67f3a68f494fb) Importer(2089858483,d624ce77472d68a35037170ec1d2d27e)
Start importing Assets/_Third Party/ModularFirstPersonController/DemoScene/Gridbox Prototype Materials/Resources/Textures/Prototype Grid/prototype_512x512_red.png using Guid(3d6064e2e1cd7214e9f67f3a68f494fb) Importer(2089858483,d624ce77472d68a35037170ec1d2d27e) (ScriptedImporter) -> (artifact id: '5bbca8e8af3aba6167ed5ac6df5d0c74') in 0.0311216 seconds
Number of updated asset objects reloaded before import = 0Number of asset objects unloaded after import = 1

========================================================================
Received Import Request.
  Time since last request: 0.000060 seconds.
  path: Assets/_Third Party/ModularFirstPersonController/DemoScene/Gridbox Prototype Materials/Resources/Textures/Prototype Grid/prototype_512x512_blue1.png
  artifactKey: Guid(44cced520ecfd9f4292979a4fe8268c4) Importer(2089858483,d624ce77472d68a35037170ec1d2d27e)
Start importing Assets/_Third Party/ModularFirstPersonController/DemoScene/Gridbox Prototype Materials/Resources/Textures/Prototype Grid/prototype_512x512_blue1.png using Guid(44cced520ecfd9f4292979a4fe8268c4) Importer(2089858483,d624ce77472d68a35037170ec1d2d27e) (ScriptedImporter) -> (artifact id: '1d4e756eeb0e33a6bde187d714705854') in 0.0744455 seconds
Number of updated asset objects reloaded before import = 0Number of asset objects unloaded after import = 1

========================================================================
Received Import Request.
  Time since last request: 0.000015 seconds.
  path: Assets/_Third Party/ModularFirstPersonController/DemoScene/Gridbox Prototype Materials/Resources/Textures/Prototype Grid/prototype_512x512_brown.png
  artifactKey: Guid(3c227d230cca14c42822692b6aff3459) Importer(2089858483,d624ce77472d68a35037170ec1d2d27e)
Start importing Assets/_Third Party/ModularFirstPersonController/DemoScene/Gridbox Prototype Materials/Resources/Textures/Prototype Grid/prototype_512x512_brown.png using Guid(3c227d230cca14c42822692b6aff3459) Importer(2089858483,d624ce77472d68a35037170ec1d2d27e) (ScriptedImporter) -> (artifact id: '0cc7d3d42839ef80b3bfd3428b64f596') in 0.0311878 seconds
Number of updated asset objects reloaded before import = 0Number of asset objects unloaded after import = 1

========================================================================
Received Import Request.
  Time since last request: 0.000019 seconds.
  path: Assets/_Third Party/ModularFirstPersonController/DemoScene/Gridbox Prototype Materials/Resources/Materials/Prototype Grid/Prototype_512x512_Grey4.mat
  artifactKey: Guid(8d530ffe6c4968843806085897955b9d) Importer(2089858483,d624ce77472d68a35037170ec1d2d27e)
Start importing Assets/_Third Party/ModularFirstPersonController/DemoScene/Gridbox Prototype Materials/Resources/Materials/Prototype Grid/Prototype_512x512_Grey4.mat using Guid(8d530ffe6c4968843806085897955b9d) Importer(2089858483,d624ce77472d68a35037170ec1d2d27e) (ScriptedImporter) -> (artifact id: 'b22a20eacc535f30a323c1b0b96101fd') in 0.0299844 seconds
Number of updated asset objects reloaded before import = 0Number of asset objects unloaded after import = 2

========================================================================
Received Import Request.
  Time since last request: 0.000026 seconds.
  path: Assets/_Third Party/Low Poly Weapons VOL.1/Models/M2_50cal.fbx
  artifactKey: Guid(018d5bd3bfb8b6a49a8b354ba11e4a8f) Importer(2089858483,d624ce77472d68a35037170ec1d2d27e)
Start importing Assets/_Third Party/Low Poly Weapons VOL.1/Models/M2_50cal.fbx using Guid(018d5bd3bfb8b6a49a8b354ba11e4a8f) Importer(2089858483,d624ce77472d68a35037170ec1d2d27e) (ScriptedImporter) -> (artifact id: '0981fa0ff5b5c1fd2016d9c080f42372') in 0.053033 seconds
Number of updated asset objects reloaded before import = 0Number of asset objects unloaded after import = 41

========================================================================
Received Import Request.
  Time since last request: 0.000019 seconds.
  path: Assets/_Third Party/ModularFirstPersonController/DemoScene/Gridbox Prototype Materials/Resources/Textures/Prototype Grid/prototype_512x512_green1.png
  artifactKey: Guid(4967dfcee94bddd4ba1430cb6fa1f304) Importer(2089858483,d624ce77472d68a35037170ec1d2d27e)
Start importing Assets/_Third Party/ModularFirstPersonController/DemoScene/Gridbox Prototype Materials/Resources/Textures/Prototype Grid/prototype_512x512_green1.png using Guid(4967dfcee94bddd4ba1430cb6fa1f304) Importer(2089858483,d624ce77472d68a35037170ec1d2d27e) (ScriptedImporter) -> (artifact id: '5a54dc6a82cfc8399711c4464677096a') in 0.0182305 seconds
Number of updated asset objects reloaded before import = 0Number of asset objects unloaded after import = 1

========================================================================
Received Import Request.
  Time since last request: 0.000019 seconds.
  path: Assets/_Third Party/Low Poly Weapons VOL.1/Sample_Scene.unity
  artifactKey: Guid(f717f15f191a08741986e6e8efa197ab) Importer(2089858483,d624ce77472d68a35037170ec1d2d27e)
Start importing Assets/_Third Party/Low Poly Weapons VOL.1/Sample_Scene.unity using Guid(f717f15f191a08741986e6e8efa197ab) Importer(2089858483,d624ce77472d68a35037170ec1d2d27e) (ScriptedImporter) -> (artifact id: '7c3ff83bf305aa90b12f3d26c9a12259') in 0.0115564 seconds
Number of updated asset objects reloaded before import = 0Number of asset objects unloaded after import = 1

========================================================================
Received Import Request.
  Time since last request: 0.000031 seconds.
  path: Assets/_Third Party/ModularFirstPersonController/DemoScene/Gridbox Prototype Materials/Resources/Textures/Prototype Grid/prototype_512x512_purple.png
  artifactKey: Guid(aa0c741df9dd8634c8d84fd9ba2b0e3d) Importer(2089858483,d624ce77472d68a35037170ec1d2d27e)
Start importing Assets/_Third Party/ModularFirstPersonController/DemoScene/Gridbox Prototype Materials/Resources/Textures/Prototype Grid/prototype_512x512_purple.png using Guid(aa0c741df9dd8634c8d84fd9ba2b0e3d) Importer(2089858483,d624ce77472d68a35037170ec1d2d27e) (ScriptedImporter) -> (artifact id: '089b9c9c070e9493fa924065984b3641') in 0.0373132 seconds
Number of updated asset objects reloaded before import = 0Number of asset objects unloaded after import = 1

========================================================================
Received Import Request.
  Time since last request: 0.000017 seconds.
  path: Assets/_Third Party/Low Poly Weapons VOL.1/Models/SR_Scope_00.fbx
  artifactKey: Guid(2e652e63fbd52af41856733acbfe5c18) Importer(2089858483,d624ce77472d68a35037170ec1d2d27e)
Start importing Assets/_Third Party/Low Poly Weapons VOL.1/Models/SR_Scope_00.fbx using Guid(2e652e63fbd52af41856733acbfe5c18) Importer(2089858483,d624ce77472d68a35037170ec1d2d27e) (ScriptedImporter) -> (artifact id: '098d56a51f6f17a7a533e36103630bbf') in 0.1424341 seconds
Number of updated asset objects reloaded before import = 0Number of asset objects unloaded after import = 11

========================================================================
Received Import Request.
  Time since last request: 0.000019 seconds.
  path: Assets/_Third Party/Low Poly Weapons VOL.1/Models/M107.fbx
  artifactKey: Guid(a0e70037533056249a1bcaf8b480c5cb) Importer(2089858483,d624ce77472d68a35037170ec1d2d27e)
Start importing Assets/_Third Party/Low Poly Weapons VOL.1/Models/M107.fbx using Guid(a0e70037533056249a1bcaf8b480c5cb) Importer(2089858483,d624ce77472d68a35037170ec1d2d27e) (ScriptedImporter) -> (artifact id: 'd0900fcffbe3a0ebcc48b3bc1bd3dbf1') in 0.08395 seconds
Number of updated asset objects reloaded before import = 0Number of asset objects unloaded after import = 23

========================================================================
Received Import Request.
  Time since last request: 0.000030 seconds.
  path: Assets/_Third Party/Low Poly Weapons VOL.1/Models/M249.fbx
  artifactKey: Guid(01890195b95a26f4fa4aa4f8f5a0cc5e) Importer(2089858483,d624ce77472d68a35037170ec1d2d27e)
Start importing Assets/_Third Party/Low Poly Weapons VOL.1/Models/M249.fbx using Guid(01890195b95a26f4fa4aa4f8f5a0cc5e) Importer(2089858483,d624ce77472d68a35037170ec1d2d27e) (ScriptedImporter) -> (artifact id: 'c4b5d3657af90c5a658111255cf01368') in 0.0246963 seconds
Number of updated asset objects reloaded before import = 0Number of asset objects unloaded after import = 28

========================================================================
Received Import Request.
  Time since last request: 0.000015 seconds.
  path: Assets/_Third Party/Low Poly Weapons VOL.1/Prefabs/M4_8.prefab
  artifactKey: Guid(689946d975a0e55449b1e7ae41933e73) Importer(2089858483,d624ce77472d68a35037170ec1d2d27e)
Start importing Assets/_Third Party/Low Poly Weapons VOL.1/Prefabs/M4_8.prefab using Guid(689946d975a0e55449b1e7ae41933e73) Importer(2089858483,d624ce77472d68a35037170ec1d2d27e) (ScriptedImporter) -> (artifact id: '4222cb7b433272daabea7a7940753751') in 0.0726719 seconds
Number of updated asset objects reloaded before import = 0Number of asset objects unloaded after import = 33

========================================================================
Received Import Request.
  Time since last request: 0.000022 seconds.
  path: Assets/_Third Party/Low Poly Weapons VOL.1
  artifactKey: Guid(e9f88cafa2e6f1d488b63a5c03d42017) Importer(2089858483,d624ce77472d68a35037170ec1d2d27e)
Start importing Assets/_Third Party/Low Poly Weapons VOL.1 using Guid(e9f88cafa2e6f1d488b63a5c03d42017) Importer(2089858483,d624ce77472d68a35037170ec1d2d27e) (ScriptedImporter) -> (artifact id: 'a1410d2d35144193468a030adb1aa926') in 0.0179356 seconds
Number of updated asset objects reloaded before import = 0Number of asset objects unloaded after import = 1

========================================================================
Received Import Request.
  Time since last request: 0.000023 seconds.
  path: Assets/_Third Party/Low Poly Weapons VOL.1/Models/M1911.fbx
  artifactKey: Guid(b812e42521a5a27499e76cc5ed56e3ac) Importer(2089858483,d624ce77472d68a35037170ec1d2d27e)
Start importing Assets/_Third Party/Low Poly Weapons VOL.1/Models/M1911.fbx using Guid(b812e42521a5a27499e76cc5ed56e3ac) Importer(2089858483,d624ce77472d68a35037170ec1d2d27e) (ScriptedImporter) -> (artifact id: '99d1a55063d4fd3a2eb84f5b7f19109b') in 0.066118 seconds
Number of updated asset objects reloaded before import = 0Number of asset objects unloaded after import = 31

========================================================================
Received Import Request.
  Time since last request: 0.000015 seconds.
  path: Assets/_Third Party/ModularFirstPersonController/DemoScene/Gridbox Prototype Materials/Resources/Textures/Prototype Grid
  artifactKey: Guid(fc9460034f9ca0344843541b996a2199) Importer(2089858483,d624ce77472d68a35037170ec1d2d27e)
Start importing Assets/_Third Party/ModularFirstPersonController/DemoScene/Gridbox Prototype Materials/Resources/Textures/Prototype Grid using Guid(fc9460034f9ca0344843541b996a2199) Importer(2089858483,d624ce77472d68a35037170ec1d2d27e) (ScriptedImporter) -> (artifact id: 'fd447b029a8dbfa9b7044a3e47ccce1a') in 0.0263301 seconds
Number of updated asset objects reloaded before import = 0Number of asset objects unloaded after import = 1

========================================================================
Received Import Request.
  Time since last request: 0.000022 seconds.
  path: Assets/_Third Party/ModularFirstPersonController/How To Use.pdf
  artifactKey: Guid(167a5ec0045348e4997182aa0e0fcea2) Importer(2089858483,d624ce77472d68a35037170ec1d2d27e)
Start importing Assets/_Third Party/ModularFirstPersonController/How To Use.pdf using Guid(167a5ec0045348e4997182aa0e0fcea2) Importer(2089858483,d624ce77472d68a35037170ec1d2d27e) (ScriptedImporter) -> (artifact id: '42eb57a1336797fb6b13d344d394adf0') in 0.0210306 seconds
Number of updated asset objects reloaded before import = 0Number of asset objects unloaded after import = 1

========================================================================
Received Import Request.
  Time since last request: 0.000026 seconds.
  path: Assets/_Third Party/ModularFirstPersonController/FirstPersonController/CircleReticle.png
  artifactKey: Guid(be4ce60e2c9768c44b9b10b9c5258045) Importer(2089858483,d624ce77472d68a35037170ec1d2d27e)
Start importing Assets/_Third Party/ModularFirstPersonController/FirstPersonController/CircleReticle.png using Guid(be4ce60e2c9768c44b9b10b9c5258045) Importer(2089858483,d624ce77472d68a35037170ec1d2d27e) (ScriptedImporter) -> (artifact id: 'afca8764f170b1d278d184691927dbae') in 0.0379573 seconds
Number of updated asset objects reloaded before import = 0Number of asset objects unloaded after import = 3

========================================================================
Received Import Request.
  Time since last request: 0.000016 seconds.
  path: Assets/_Third Party/ModularFirstPersonController/DemoScene/Gridbox Prototype Materials
  artifactKey: Guid(2807a3fa4a5ba6442a3fd6dc9d42c05f) Importer(2089858483,d624ce77472d68a35037170ec1d2d27e)
Start importing Assets/_Third Party/ModularFirstPersonController/DemoScene/Gridbox Prototype Materials using Guid(2807a3fa4a5ba6442a3fd6dc9d42c05f) Importer(2089858483,d624ce77472d68a35037170ec1d2d27e) (ScriptedImporter) -> (artifact id: 'ef96d4f79c687c90a100b691b1670f85') in 0.1320134 seconds
Number of updated asset objects reloaded before import = 0Number of asset objects unloaded after import = 1

========================================================================
Received Import Request.
  Time since last request: 0.000018 seconds.
  path: Assets/_Third Party/ModularFirstPersonController/DemoScene/Gridbox Prototype Materials/Resources/Materials/Prototype Grid/Prototype_512x512_Yellow.mat
  artifactKey: Guid(c852af001dae0064e9acaa832f1dadb7) Importer(2089858483,d624ce77472d68a35037170ec1d2d27e)
Start importing Assets/_Third Party/ModularFirstPersonController/DemoScene/Gridbox Prototype Materials/Resources/Materials/Prototype Grid/Prototype_512x512_Yellow.mat using Guid(c852af001dae0064e9acaa832f1dadb7) Importer(2089858483,d624ce77472d68a35037170ec1d2d27e) (ScriptedImporter) -> (artifact id: 'f8f4de6a90cc5568aca1230e513a7cd6') in 0.0274971 seconds
Number of updated asset objects reloaded before import = 0Number of asset objects unloaded after import = 2

========================================================================
Received Import Request.
  Time since last request: 0.000024 seconds.
  path: Assets/_Third Party/Low Poly Weapons VOL.1/Models/TAN_LR_Scope_01.fbx
  artifactKey: Guid(2bbc7effaf5e34b4e9358a6c93bb1382) Importer(2089858483,d624ce77472d68a35037170ec1d2d27e)
Start importing Assets/_Third Party/Low Poly Weapons VOL.1/Models/TAN_LR_Scope_01.fbx using Guid(2bbc7effaf5e34b4e9358a6c93bb1382) Importer(2089858483,d624ce77472d68a35037170ec1d2d27e) (ScriptedImporter) -> (artifact id: '960e7d8ba95eba926d5a891f2986f6d4') in 0.0302122 seconds
Number of updated asset objects reloaded before import = 0Number of asset objects unloaded after import = 13

========================================================================
Received Import Request.
  Time since last request: 0.000016 seconds.
  path: Assets/_Third Party/Low Poly Weapons VOL.1/Prefabs/Uzi.prefab
  artifactKey: Guid(6273e2936e9d6a24e9f64c7c70d6bd19) Importer(2089858483,d624ce77472d68a35037170ec1d2d27e)
Start importing Assets/_Third Party/Low Poly Weapons VOL.1/Prefabs/Uzi.prefab using Guid(6273e2936e9d6a24e9f64c7c70d6bd19) Importer(2089858483,d624ce77472d68a35037170ec1d2d27e) (ScriptedImporter) -> (artifact id: 'feb419baa227ee1d4856e8e4eb58cee1') in 0.0541619 seconds
Number of updated asset objects reloaded before import = 0Number of asset objects unloaded after import = 33

========================================================================
Received Import Request.
  Time since last request: 0.000019 seconds.
  path: Assets/_Third Party/ModularFirstPersonController/DemoScene/Gridbox Prototype Materials/Resources/Materials
  artifactKey: Guid(cab0486873751c3439bc88f33c84dea7) Importer(2089858483,d624ce77472d68a35037170ec1d2d27e)
Start importing Assets/_Third Party/ModularFirstPersonController/DemoScene/Gridbox Prototype Materials/Resources/Materials using Guid(cab0486873751c3439bc88f33c84dea7) Importer(2089858483,d624ce77472d68a35037170ec1d2d27e) (ScriptedImporter) -> (artifact id: 'b2fd091202f3e05873e9f72891ce2369') in 0.011422 seconds
Number of updated asset objects reloaded before import = 0Number of asset objects unloaded after import = 1

========================================================================
Received Import Request.
  Time since last request: 0.000024 seconds.
  path: Assets/_Third Party/ModularFirstPersonController/DemoScene/Gridbox Prototype Materials/Resources/Materials/Prototype Grid/Prototype_512x512_Green2.mat
  artifactKey: Guid(dbe80190c9adea34c8c8845ca4a17934) Importer(2089858483,d624ce77472d68a35037170ec1d2d27e)
Start importing Assets/_Third Party/ModularFirstPersonController/DemoScene/Gridbox Prototype Materials/Resources/Materials/Prototype Grid/Prototype_512x512_Green2.mat using Guid(dbe80190c9adea34c8c8845ca4a17934) Importer(2089858483,d624ce77472d68a35037170ec1d2d27e) (ScriptedImporter) -> (artifact id: 'cc0243aa932758a094586c8264bb1049') in 0.0362665 seconds
Number of updated asset objects reloaded before import = 0Number of asset objects unloaded after import = 2

========================================================================
Received Import Request.
  Time since last request: 0.000016 seconds.
  path: Assets/_Third Party/ModularFirstPersonController/DemoScene/Gridbox Prototype Materials/Resources/Textures/Prototype Grid/prototype_512x512_grey2.png
  artifactKey: Guid(37920ac3813690349a856bbe19a86e2b) Importer(2089858483,d624ce77472d68a35037170ec1d2d27e)
Start importing Assets/_Third Party/ModularFirstPersonController/DemoScene/Gridbox Prototype Materials/Resources/Textures/Prototype Grid/prototype_512x512_grey2.png using Guid(37920ac3813690349a856bbe19a86e2b) Importer(2089858483,d624ce77472d68a35037170ec1d2d27e) (ScriptedImporter) -> (artifact id: '568b03e2a62ce5676389cde3b3ca6da4') in 0.0293622 seconds
Number of updated asset objects reloaded before import = 0Number of asset objects unloaded after import = 1

========================================================================
Received Import Request.
  Time since last request: 0.000016 seconds.
  path: Assets/_Third Party/Low Poly Weapons VOL.1/Models/Uzi.fbx
  artifactKey: Guid(ff8c9f278b5bc8e4c894e1122f4a81f3) Importer(2089858483,d624ce77472d68a35037170ec1d2d27e)
Start importing Assets/_Third Party/Low Poly Weapons VOL.1/Models/Uzi.fbx using Guid(ff8c9f278b5bc8e4c894e1122f4a81f3) Importer(2089858483,d624ce77472d68a35037170ec1d2d27e) (ScriptedImporter) -> (artifact id: 'b2d9272226d52d3ce6c5426d7b9c90f4') in 0.0236081 seconds
Number of updated asset objects reloaded before import = 0Number of asset objects unloaded after import = 33

========================================================================
Received Import Request.
  Time since last request: 0.000027 seconds.
  path: Assets/_Third Party/Low Poly Weapons VOL.1/Prefabs/Flash.prefab
  artifactKey: Guid(c0f110e4459b675489b7db1e686d5bc3) Importer(2089858483,d624ce77472d68a35037170ec1d2d27e)
Start importing Assets/_Third Party/Low Poly Weapons VOL.1/Prefabs/Flash.prefab using Guid(c0f110e4459b675489b7db1e686d5bc3) Importer(2089858483,d624ce77472d68a35037170ec1d2d27e) (ScriptedImporter) -> (artifact id: 'b8b8e03df59bd10afedb344f1dd5603b') in 0.0478074 seconds
Number of updated asset objects reloaded before import = 0Number of asset objects unloaded after import = 13

========================================================================
Received Import Request.
  Time since last request: 0.000025 seconds.
  path: Assets/_Third Party/ModularFirstPersonController/DemoScene/Gridbox Prototype Materials/Resources/Materials/Prototype Grid/Prototype_512x512_Red.mat
  artifactKey: Guid(5a26de236ce89e94b963be8fa2b7ade6) Importer(2089858483,d624ce77472d68a35037170ec1d2d27e)
Start importing Assets/_Third Party/ModularFirstPersonController/DemoScene/Gridbox Prototype Materials/Resources/Materials/Prototype Grid/Prototype_512x512_Red.mat using Guid(5a26de236ce89e94b963be8fa2b7ade6) Importer(2089858483,d624ce77472d68a35037170ec1d2d27e) (ScriptedImporter) -> (artifact id: '6eb1abdf62bfcdfde1ef5c582733aa28') in 0.0304323 seconds
Number of updated asset objects reloaded before import = 0Number of asset objects unloaded after import = 2

========================================================================
Received Import Request.
  Time since last request: 0.000015 seconds.
  path: Assets/_Third Party/ModularFirstPersonController
  artifactKey: Guid(e0fbbc139aa3da74c80f8aa2ff1dc1fb) Importer(2089858483,d624ce77472d68a35037170ec1d2d27e)
Start importing Assets/_Third Party/ModularFirstPersonController using Guid(e0fbbc139aa3da74c80f8aa2ff1dc1fb) Importer(2089858483,d624ce77472d68a35037170ec1d2d27e) (ScriptedImporter) -> (artifact id: '501f6005c9ac5ce662e95051976e6985') in 0.0334521 seconds
Number of updated asset objects reloaded before import = 0Number of asset objects unloaded after import = 1

========================================================================
Received Import Request.
  Time since last request: 0.000017 seconds.
  path: Assets/_Third Party/Low Poly Weapons VOL.1/Textures_Guns.png
  artifactKey: Guid(6a376fb3e11ce334ca96f417cead6576) Importer(2089858483,d624ce77472d68a35037170ec1d2d27e)
Start importing Assets/_Third Party/Low Poly Weapons VOL.1/Textures_Guns.png using Guid(6a376fb3e11ce334ca96f417cead6576) Importer(2089858483,d624ce77472d68a35037170ec1d2d27e) (ScriptedImporter) -> (artifact id: '3643d24fd497f616183725a347bb709c') in 0.0536532 seconds
Number of updated asset objects reloaded before import = 0Number of asset objects unloaded after import = 1

========================================================================
Received Import Request.
  Time since last request: 0.000024 seconds.
  path: Assets/_Third Party/ModularFirstPersonController/FirstPersonController/FirstPersonController.prefab
  artifactKey: Guid(6bacecc4f3df9584198879c73a6b6c36) Importer(2089858483,d624ce77472d68a35037170ec1d2d27e)
Start importing Assets/_Third Party/ModularFirstPersonController/FirstPersonController/FirstPersonController.prefab using Guid(6bacecc4f3df9584198879c73a6b6c36) Importer(2089858483,d624ce77472d68a35037170ec1d2d27e) (ScriptedImporter) -> (artifact id: 'ce90f6f34000c7d2be1f30b95f6bc27f') in 0.1498276 seconds
Number of updated asset objects reloaded before import = 0Number of asset objects unloaded after import = 35

========================================================================
Received Import Request.
  Time since last request: 0.000027 seconds.
  path: Assets/_Third Party/Low Poly Weapons VOL.1/Models/M4_8.fbx
  artifactKey: Guid(c7741850eebe1df4ea75a80275b16311) Importer(2089858483,d624ce77472d68a35037170ec1d2d27e)
Start importing Assets/_Third Party/Low Poly Weapons VOL.1/Models/M4_8.fbx using Guid(c7741850eebe1df4ea75a80275b16311) Importer(2089858483,d624ce77472d68a35037170ec1d2d27e) (ScriptedImporter) -> (artifact id: '42cde51193cec57bb701a13ce7ac0bdd') in 0.0269909 seconds
Number of updated asset objects reloaded before import = 0Number of asset objects unloaded after import = 33

========================================================================
Received Import Request.
  Time since last request: 0.000025 seconds.
  path: Assets/_Third Party/Low Poly Weapons VOL.1/Models/AK74.fbx
  artifactKey: Guid(6f966b9a7c817ed49973b4a8762cbbdf) Importer(2089858483,d624ce77472d68a35037170ec1d2d27e)
Start importing Assets/_Third Party/Low Poly Weapons VOL.1/Models/AK74.fbx using Guid(6f966b9a7c817ed49973b4a8762cbbdf) Importer(2089858483,d624ce77472d68a35037170ec1d2d27e) (ScriptedImporter) -> (artifact id: '9c2623b105e9ca61e9105bce5936dc3e') in 0.0559119 seconds
Number of updated asset objects reloaded before import = 0Number of asset objects unloaded after import = 23

========================================================================
Received Import Request.
  Time since last request: 0.000017 seconds.
  path: Assets/_Third Party/ModularFirstPersonController/DemoScene/Gridbox Prototype Materials/Resources/ProBuilder Data/Prototype Materials.asset
  artifactKey: Guid(bf95d34ab83b5ac40911f9e77a91a236) Importer(2089858483,d624ce77472d68a35037170ec1d2d27e)
Start importing Assets/_Third Party/ModularFirstPersonController/DemoScene/Gridbox Prototype Materials/Resources/ProBuilder Data/Prototype Materials.asset using Guid(bf95d34ab83b5ac40911f9e77a91a236) Importer(2089858483,d624ce77472d68a35037170ec1d2d27e) (ScriptedImporter) -> (artifact id: '8f22b48a099ef01312ec489ede1c929a') in 0.0159744 seconds
Number of updated asset objects reloaded before import = 0Number of asset objects unloaded after import = 1

========================================================================
Received Import Request.
  Time since last request: 0.000025 seconds.
  path: Assets/_Third Party/ModularFirstPersonController/DemoScene/Gridbox Prototype Materials/Resources/Materials/Prototype Grid/Prototype_512x512_Purple.mat
  artifactKey: Guid(36bce9ab6cae8ce43962938466458044) Importer(2089858483,d624ce77472d68a35037170ec1d2d27e)
Start importing Assets/_Third Party/ModularFirstPersonController/DemoScene/Gridbox Prototype Materials/Resources/Materials/Prototype Grid/Prototype_512x512_Purple.mat using Guid(36bce9ab6cae8ce43962938466458044) Importer(2089858483,d624ce77472d68a35037170ec1d2d27e) (ScriptedImporter) -> (artifact id: '085b01269f2bf57ca73071a8f2e5e9b6') in 0.0371793 seconds
Number of updated asset objects reloaded before import = 0Number of asset objects unloaded after import = 2

========================================================================
Received Import Request.
  Time since last request: 0.000025 seconds.
  path: Assets/_Third Party/Low Poly Weapons VOL.1/Prefabs/M1911.prefab
  artifactKey: Guid(6f1a7354265853f44b0ed5e2e43676ad) Importer(2089858483,d624ce77472d68a35037170ec1d2d27e)
Start importing Assets/_Third Party/Low Poly Weapons VOL.1/Prefabs/M1911.prefab using Guid(6f1a7354265853f44b0ed5e2e43676ad) Importer(2089858483,d624ce77472d68a35037170ec1d2d27e) (ScriptedImporter) -> (artifact id: '6194becb3cdf5aa370baf8de1633f5e7') in 0.0382811 seconds
Number of updated asset objects reloaded before import = 0Number of asset objects unloaded after import = 31

========================================================================
Received Import Request.
  Time since last request: 0.000016 seconds.
  path: Assets/_Third Party/Low Poly Weapons VOL.1/Prefabs/RPG7.prefab
  artifactKey: Guid(02baef62b1bfedf40bb369fb7542b9e7) Importer(2089858483,d624ce77472d68a35037170ec1d2d27e)
Start importing Assets/_Third Party/Low Poly Weapons VOL.1/Prefabs/RPG7.prefab using Guid(02baef62b1bfedf40bb369fb7542b9e7) Importer(2089858483,d624ce77472d68a35037170ec1d2d27e) (ScriptedImporter) -> (artifact id: 'e0fe6b222e7308c4352e28ca7b0b79db') in 0.0617235 seconds
Number of updated asset objects reloaded before import = 0Number of asset objects unloaded after import = 18

========================================================================
Received Import Request.
  Time since last request: 0.000019 seconds.
  path: Assets/_Third Party/ModularFirstPersonController/FirstPersonController
  artifactKey: Guid(f37b4faf82d1edb47811f804ec33f9da) Importer(2089858483,d624ce77472d68a35037170ec1d2d27e)
Start importing Assets/_Third Party/ModularFirstPersonController/FirstPersonController using Guid(f37b4faf82d1edb47811f804ec33f9da) Importer(2089858483,d624ce77472d68a35037170ec1d2d27e) (ScriptedImporter) -> (artifact id: '9cd1e6f8eed0ab4c057a98d57ad15298') in 0.034654 seconds
Number of updated asset objects reloaded before import = 0Number of asset objects unloaded after import = 1

========================================================================
Received Import Request.
  Time since last request: 0.000025 seconds.
  path: Assets/_Third Party/Low Poly Weapons VOL.1/Models/ELCAN.fbx
  artifactKey: Guid(7430c7a2877dd0b429a981e69ac2ed00) Importer(2089858483,d624ce77472d68a35037170ec1d2d27e)
Start importing Assets/_Third Party/Low Poly Weapons VOL.1/Models/ELCAN.fbx using Guid(7430c7a2877dd0b429a981e69ac2ed00) Importer(2089858483,d624ce77472d68a35037170ec1d2d27e) (ScriptedImporter) -> (artifact id: 'fd895bcc24b0bff2e111e6d4a6b60da5') in 0.0212065 seconds
Number of updated asset objects reloaded before import = 0Number of asset objects unloaded after import = 8

========================================================================
Received Import Request.
  Time since last request: 0.000018 seconds.
  path: Assets/_Third Party/ModularFirstPersonController/DemoScene/Gridbox Prototype Materials/Resources/Materials/Prototype Grid/Prototype_512x512_Cyan.mat
  artifactKey: Guid(cba66c276aed0874091de1c33eb3950d) Importer(2089858483,d624ce77472d68a35037170ec1d2d27e)
Start importing Assets/_Third Party/ModularFirstPersonController/DemoScene/Gridbox Prototype Materials/Resources/Materials/Prototype Grid/Prototype_512x512_Cyan.mat using Guid(cba66c276aed0874091de1c33eb3950d) Importer(2089858483,d624ce77472d68a35037170ec1d2d27e) (ScriptedImporter) -> (artifact id: 'ffb15598bffea32979efe9da19869115') in 0.2095727 seconds
Number of updated asset objects reloaded before import = 0Number of asset objects unloaded after import = 2

========================================================================
Received Import Request.
  Time since last request: 0.000020 seconds.
  path: Assets/_Third Party/ModularFirstPersonController/DemoScene/Gridbox Prototype Materials/Resources/Materials/Prototype Grid/Prototype_512x512_Orange.mat
  artifactKey: Guid(652107f36a28e44479c0b827dee5852a) Importer(2089858483,d624ce77472d68a35037170ec1d2d27e)
Start importing Assets/_Third Party/ModularFirstPersonController/DemoScene/Gridbox Prototype Materials/Resources/Materials/Prototype Grid/Prototype_512x512_Orange.mat using Guid(652107f36a28e44479c0b827dee5852a) Importer(2089858483,d624ce77472d68a35037170ec1d2d27e) (ScriptedImporter) -> (artifact id: '6013d928a253557cfcc3ce13ef218750') in 0.0320142 seconds
Number of updated asset objects reloaded before import = 0Number of asset objects unloaded after import = 2

========================================================================
Received Import Request.
  Time since last request: 0.000026 seconds.
  path: Assets/_Third Party/Low Poly Weapons VOL.1/Prefabs/RGD-5.prefab
  artifactKey: Guid(5a2bf64643e1fb0439ea39c0fc9b00ff) Importer(2089858483,d624ce77472d68a35037170ec1d2d27e)
Start importing Assets/_Third Party/Low Poly Weapons VOL.1/Prefabs/RGD-5.prefab using Guid(5a2bf64643e1fb0439ea39c0fc9b00ff) Importer(2089858483,d624ce77472d68a35037170ec1d2d27e) (ScriptedImporter) -> (artifact id: '3279cf7387a9c5b62d14d64d6852c409') in 0.071071 seconds
Number of updated asset objects reloaded before import = 0Number of asset objects unloaded after import = 18

========================================================================
Received Import Request.
  Time since last request: 0.000016 seconds.
  path: Assets/_Third Party/Low Poly Weapons VOL.1/Prefabs/AK74.prefab
  artifactKey: Guid(ee329c3cd08e58645834d20702d7f6c6) Importer(2089858483,d624ce77472d68a35037170ec1d2d27e)
Start importing Assets/_Third Party/Low Poly Weapons VOL.1/Prefabs/AK74.prefab using Guid(ee329c3cd08e58645834d20702d7f6c6) Importer(2089858483,d624ce77472d68a35037170ec1d2d27e) (ScriptedImporter) -> (artifact id: 'c66b49c8131ab5c266b5bd78547aeea3') in 0.0561656 seconds
Number of updated asset objects reloaded before import = 0Number of asset objects unloaded after import = 23

========================================================================
Received Import Request.
  Time since last request: 0.000021 seconds.
  path: Assets/_Third Party/Low Poly Weapons VOL.1/Prefabs/Smoke.prefab
  artifactKey: Guid(8b4cba336c093ff41ae9321f9f8433d6) Importer(2089858483,d624ce77472d68a35037170ec1d2d27e)
Start importing Assets/_Third Party/Low Poly Weapons VOL.1/Prefabs/Smoke.prefab using Guid(8b4cba336c093ff41ae9321f9f8433d6) Importer(2089858483,d624ce77472d68a35037170ec1d2d27e) (ScriptedImporter) -> (artifact id: 'dc712c811c0c659ba17afacca2ef724f') in 0.0291378 seconds
Number of updated asset objects reloaded before import = 0Number of asset objects unloaded after import = 13

========================================================================
Received Import Request.
  Time since last request: 0.000027 seconds.
  path: Assets/_Third Party/Low Poly Weapons VOL.1/Prefabs/M107.prefab
  artifactKey: Guid(7359baf27e84aa44cafac3788c8be0f1) Importer(2089858483,d624ce77472d68a35037170ec1d2d27e)
Start importing Assets/_Third Party/Low Poly Weapons VOL.1/Prefabs/M107.prefab using Guid(7359baf27e84aa44cafac3788c8be0f1) Importer(2089858483,d624ce77472d68a35037170ec1d2d27e) (ScriptedImporter) -> (artifact id: '0251daafad1e055e278da830dc8ef937') in 0.0297166 seconds
Number of updated asset objects reloaded before import = 0Number of asset objects unloaded after import = 23

========================================================================
Received Import Request.
  Time since last request: 0.000018 seconds.
  path: Assets/_Third Party/Low Poly Weapons VOL.1/Prefabs/ANPEQ15.prefab
  artifactKey: Guid(0c4a58b408c72d141bb4ae5633ef3744) Importer(2089858483,d624ce77472d68a35037170ec1d2d27e)
Start importing Assets/_Third Party/Low Poly Weapons VOL.1/Prefabs/ANPEQ15.prefab using Guid(0c4a58b408c72d141bb4ae5633ef3744) Importer(2089858483,d624ce77472d68a35037170ec1d2d27e) (ScriptedImporter) -> (artifact id: 'abee81140930c94f7d5b2905a094c130') in 0.0558615 seconds
Number of updated asset objects reloaded before import = 0Number of asset objects unloaded after import = 8

========================================================================
Received Import Request.
  Time since last request: 0.000019 seconds.
  path: Assets/_Third Party/ModularFirstPersonController/DemoScene/Gridbox Prototype Materials/Resources
  artifactKey: Guid(8d1c710911d4cd54c940b4db8ea99a02) Importer(2089858483,d624ce77472d68a35037170ec1d2d27e)
Start importing Assets/_Third Party/ModularFirstPersonController/DemoScene/Gridbox Prototype Materials/Resources using Guid(8d1c710911d4cd54c940b4db8ea99a02) Importer(2089858483,d624ce77472d68a35037170ec1d2d27e) (ScriptedImporter) -> (artifact id: '2b7b07cb8b7663f0a234958a0db903ff') in 0.0122341 seconds
Number of updated asset objects reloaded before import = 0Number of asset objects unloaded after import = 1

========================================================================
Received Import Request.
  Time since last request: 0.000025 seconds.
  path: Assets/_Third Party/ModularFirstPersonController/DemoScene/Demo.unity
  artifactKey: Guid(9fc0d4010bbf28b4594072e72b8655ab) Importer(2089858483,d624ce77472d68a35037170ec1d2d27e)
Start importing Assets/_Third Party/ModularFirstPersonController/DemoScene/Demo.unity using Guid(9fc0d4010bbf28b4594072e72b8655ab) Importer(2089858483,d624ce77472d68a35037170ec1d2d27e) (ScriptedImporter) -> (artifact id: 'b7154a70da6ae2514d5691129df8695b') in 0.013137 seconds
Number of updated asset objects reloaded before import = 0Number of asset objects unloaded after import = 1

========================================================================
Received Import Request.
  Time since last request: 0.000016 seconds.
  path: Assets/_Third Party/Low Poly Weapons VOL.1/Prefabs/Bennelli_M4.prefab
  artifactKey: Guid(8b0b86b42def11849a8eba21f4a6a684) Importer(2089858483,d624ce77472d68a35037170ec1d2d27e)
Start importing Assets/_Third Party/Low Poly Weapons VOL.1/Prefabs/Bennelli_M4.prefab using Guid(8b0b86b42def11849a8eba21f4a6a684) Importer(2089858483,d624ce77472d68a35037170ec1d2d27e) (ScriptedImporter) -> (artifact id: 'be38fd4b656413907ed45d05dba7a35c') in 0.264208 seconds
Number of updated asset objects reloaded before import = 0Number of asset objects unloaded after import = 18

========================================================================
Received Import Request.
  Time since last request: 0.000021 seconds.
  path: Assets/_Third Party/ModularFirstPersonController/DemoScene/Gridbox Prototype Materials/Resources/Materials/Prototype Grid/Prototype_512x512_Blue1.mat
  artifactKey: Guid(663834164c6a04740aaa1b778249ce7e) Importer(2089858483,d624ce77472d68a35037170ec1d2d27e)
Start importing Assets/_Third Party/ModularFirstPersonController/DemoScene/Gridbox Prototype Materials/Resources/Materials/Prototype Grid/Prototype_512x512_Blue1.mat using Guid(663834164c6a04740aaa1b778249ce7e) Importer(2089858483,d624ce77472d68a35037170ec1d2d27e) (ScriptedImporter) -> (artifact id: 'ed817da24c8f30dcfc396ca4ae0bd644') in 0.0417074 seconds
Number of updated asset objects reloaded before import = 0Number of asset objects unloaded after import = 2

========================================================================
Received Import Request.
  Time since last request: 0.000024 seconds.
  path: Assets/_Third Party/ModularFirstPersonController/DemoScene/Gridbox Prototype Materials/Resources/ProBuilder Data
  artifactKey: Guid(75b6dac83d69dbd43b8515fcd889129c) Importer(2089858483,d624ce77472d68a35037170ec1d2d27e)
Start importing Assets/_Third Party/ModularFirstPersonController/DemoScene/Gridbox Prototype Materials/Resources/ProBuilder Data using Guid(75b6dac83d69dbd43b8515fcd889129c) Importer(2089858483,d624ce77472d68a35037170ec1d2d27e) (ScriptedImporter) -> (artifact id: '8879b9dd4ba111e3fa80e001acd5b78e') in 0.0245723 seconds
Number of updated asset objects reloaded before import = 0Number of asset objects unloaded after import = 1

========================================================================
Received Import Request.
  Time since last request: 0.000018 seconds.
  path: Assets/_Third Party/Low Poly Weapons VOL.1/Gun_MAT.mat
  artifactKey: Guid(28f0b13c7e9707746b5e0b3336181560) Importer(2089858483,d624ce77472d68a35037170ec1d2d27e)
Start importing Assets/_Third Party/Low Poly Weapons VOL.1/Gun_MAT.mat using Guid(28f0b13c7e9707746b5e0b3336181560) Importer(2089858483,d624ce77472d68a35037170ec1d2d27e) (ScriptedImporter) -> (artifact id: '2033e59fccb94189fd014c66cb20946e') in 0.0170467 seconds
Number of updated asset objects reloaded before import = 0Number of asset objects unloaded after import = 2

========================================================================
Received Import Request.
  Time since last request: 0.000022 seconds.
  path: Assets/Universal Render Pipeline Asset.asset
  artifactKey: Guid(82c94b6da7bd9754dab278abc9de57cc) Importer(2089858483,d624ce77472d68a35037170ec1d2d27e)
Start importing Assets/Universal Render Pipeline Asset.asset using Guid(82c94b6da7bd9754dab278abc9de57cc) Importer(2089858483,d624ce77472d68a35037170ec1d2d27e) (ScriptedImporter) -> (artifact id: 'd424d92d05679771c0e613fca8c895e2') in 0.136103 seconds
Number of updated asset objects reloaded before import = 0Number of asset objects unloaded after import = 2

========================================================================
Received Import Request.
  Time since last request: 0.000026 seconds.
  path: Assets/_Third Party/ModularFirstPersonController/DemoScene/Gridbox Prototype Materials/Resources/Materials/Prototype Grid/Prototype_512x512_White.mat
  artifactKey: Guid(aeee7071bea0a4c478b4fea5933c5f79) Importer(2089858483,d624ce77472d68a35037170ec1d2d27e)
Start importing Assets/_Third Party/ModularFirstPersonController/DemoScene/Gridbox Prototype Materials/Resources/Materials/Prototype Grid/Prototype_512x512_White.mat using Guid(aeee7071bea0a4c478b4fea5933c5f79) Importer(2089858483,d624ce77472d68a35037170ec1d2d27e) (ScriptedImporter) -> (artifact id: '786afa562c9ae8c879ed3c4003323b7b') in 0.0855967 seconds
Number of updated asset objects reloaded before import = 0Number of asset objects unloaded after import = 2

========================================================================
Received Import Request.
  Time since last request: 0.000016 seconds.
  path: Assets/_Third Party/Low Poly Weapons VOL.1/Sample_SceneSettings.lighting
  artifactKey: Guid(63649f0405b56bb49bd7ff851dbc6a07) Importer(2089858483,d624ce77472d68a35037170ec1d2d27e)
Start importing Assets/_Third Party/Low Poly Weapons VOL.1/Sample_SceneSettings.lighting using Guid(63649f0405b56bb49bd7ff851dbc6a07) Importer(2089858483,d624ce77472d68a35037170ec1d2d27e) (ScriptedImporter)LightingSettings: switching bake backend from 2 to 1.
 -> (artifact id: '611011d1aaf7c3f195f013337d1500d6') in 0.0530081 seconds
Number of updated asset objects reloaded before import = 0Number of asset objects unloaded after import = 1

========================================================================
Received Import Request.
  Time since last request: 0.000019 seconds.
  path: Assets/_Third Party/ModularFirstPersonController/DemoScene/Gridbox Prototype Materials/Resources/Textures/Prototype Grid/prototype_512x512_white.png
  artifactKey: Guid(9397418d1d7b12543bf27fb61b93bbea) Importer(2089858483,d624ce77472d68a35037170ec1d2d27e)
Start importing Assets/_Third Party/ModularFirstPersonController/DemoScene/Gridbox Prototype Materials/Resources/Textures/Prototype Grid/prototype_512x512_white.png using Guid(9397418d1d7b12543bf27fb61b93bbea) Importer(2089858483,d624ce77472d68a35037170ec1d2d27e) (ScriptedImporter) -> (artifact id: '87e8e420c290a485fb500856f3162cb7') in 0.1194605 seconds
Number of updated asset objects reloaded before import = 0Number of asset objects unloaded after import = 1

========================================================================
Received Import Request.
  Time since last request: 0.000027 seconds.
  path: Assets/_Third Party/Low Poly Weapons VOL.1/Prefabs/M2_50cal.prefab
  artifactKey: Guid(3077a2b322d12b94c975bb1c7b2993fb) Importer(2089858483,d624ce77472d68a35037170ec1d2d27e)
Start importing Assets/_Third Party/Low Poly Weapons VOL.1/Prefabs/M2_50cal.prefab using Guid(3077a2b322d12b94c975bb1c7b2993fb) Importer(2089858483,d624ce77472d68a35037170ec1d2d27e) (ScriptedImporter) -> (artifact id: '11ba97a453b0719f92a8558ac963a11f') in 0.036363 seconds
Number of updated asset objects reloaded before import = 0Number of asset objects unloaded after import = 41

========================================================================
Received Import Request.
  Time since last request: 0.000021 seconds.
  path: Assets/_Script/Player/PlayerWeaponHolder.cs
  artifactKey: Guid(c866cb8066b415842bc6b16c1d7eb87f) Importer(2089858483,d624ce77472d68a35037170ec1d2d27e)
Start importing Assets/_Script/Player/PlayerWeaponHolder.cs using Guid(c866cb8066b415842bc6b16c1d7eb87f) Importer(2089858483,d624ce77472d68a35037170ec1d2d27e) (ScriptedImporter) -> (artifact id: 'f190e9d5d0bb9a90a15af90e37891162') in 0.0200126 seconds
Number of updated asset objects reloaded before import = 0Number of asset objects unloaded after import = 0

========================================================================
Received Import Request.
  Time since last request: 0.000019 seconds.
  path: Assets/_Third Party/Low Poly Weapons VOL.1/Models/ANPEQ15.fbx
  artifactKey: Guid(8cbbb35c5fcc276458e3e8865abf1341) Importer(2089858483,d624ce77472d68a35037170ec1d2d27e)
Start importing Assets/_Third Party/Low Poly Weapons VOL.1/Models/ANPEQ15.fbx using Guid(8cbbb35c5fcc276458e3e8865abf1341) Importer(2089858483,d624ce77472d68a35037170ec1d2d27e) (ScriptedImporter) -> (artifact id: '3f0ebc44e42c36fcc3aba999a1f5bb5e') in 0.0290186 seconds
Number of updated asset objects reloaded before import = 0Number of asset objects unloaded after import = 8

========================================================================
Received Import Request.
  Time since last request: 0.000026 seconds.
  path: Assets/_Third Party/Low Poly Weapons VOL.1/Models/RPG7.fbx
  artifactKey: Guid(4e5ce0b6f97fdbc40b7bc818b06b80ba) Importer(2089858483,d624ce77472d68a35037170ec1d2d27e)
Start importing Assets/_Third Party/Low Poly Weapons VOL.1/Models/RPG7.fbx using Guid(4e5ce0b6f97fdbc40b7bc818b06b80ba) Importer(2089858483,d624ce77472d68a35037170ec1d2d27e) (ScriptedImporter) -> (artifact id: 'a328971def0a4534b374477590f8999a') in 0.0219071 seconds
Number of updated asset objects reloaded before import = 0Number of asset objects unloaded after import = 18

========================================================================
Received Import Request.
  Time since last request: 0.000016 seconds.
  path: Assets/_Third Party/Low Poly Weapons VOL.1/Models/RGD-5.fbx
  artifactKey: Guid(cecca25c94780ca428d51ab9f5894270) Importer(2089858483,d624ce77472d68a35037170ec1d2d27e)
Start importing Assets/_Third Party/Low Poly Weapons VOL.1/Models/RGD-5.fbx using Guid(cecca25c94780ca428d51ab9f5894270) Importer(2089858483,d624ce77472d68a35037170ec1d2d27e) (ScriptedImporter) -> (artifact id: '0db2d90d2e7d1eeab1a8612c59b94bd8') in 0.0209809 seconds
Number of updated asset objects reloaded before import = 0Number of asset objects unloaded after import = 18

========================================================================
Received Import Request.
  Time since last request: 0.000016 seconds.
  path: Assets/_Third Party/Low Poly Weapons VOL.1/Models/Bennelli_M4.fbx
  artifactKey: Guid(bf2593fe0c804b84688e307cfb1ddfae) Importer(2089858483,d624ce77472d68a35037170ec1d2d27e)
Start importing Assets/_Third Party/Low Poly Weapons VOL.1/Models/Bennelli_M4.fbx using Guid(bf2593fe0c804b84688e307cfb1ddfae) Importer(2089858483,d624ce77472d68a35037170ec1d2d27e) (ScriptedImporter) -> (artifact id: 'c1809cb78835f5ae370370645ff12bf8') in 0.0191867 seconds
Number of updated asset objects reloaded before import = 0Number of asset objects unloaded after import = 18

========================================================================
Received Import Request.
  Time since last request: 0.000019 seconds.
  path: Assets/_Third Party/ModularFirstPersonController/DemoScene/Gridbox Prototype Materials/Resources/Textures/Prototype Grid/prototype_512x512_blue2.png
  artifactKey: Guid(17198718c5735204999fb13dc36e290f) Importer(2089858483,d624ce77472d68a35037170ec1d2d27e)
Start importing Assets/_Third Party/ModularFirstPersonController/DemoScene/Gridbox Prototype Materials/Resources/Textures/Prototype Grid/prototype_512x512_blue2.png using Guid(17198718c5735204999fb13dc36e290f) Importer(2089858483,d624ce77472d68a35037170ec1d2d27e) (ScriptedImporter) -> (artifact id: 'ac66b2b72ea23985f87844b1d403e9cd') in 0.0211501 seconds
Number of updated asset objects reloaded before import = 0Number of asset objects unloaded after import = 1

========================================================================
Received Prepare
Begin MonoManager ReloadAssembly
[Licensing::Client] Successfully resolved entitlement details
[Licensing::Module] License group:
  Id: F4-MDN9-DCJU-STJA-WJ2X-XXXX
  Product: Unity Personal
  Type: ULF
  Expiration: Unlimited
[Licensing::Module] License group:
  Id: 4673211846037-UnityPersXXXX
  Product: Unity Personal
  Type: Assigned
  Expiration: Unlimited
ADTM: Control thread waiting for realtime thread timed out, have to lock...
- Loaded All Assemblies, in  3.652 seconds
Refreshing native plugins compatible for Editor in 1.59 ms, found 3 plugins.
Native extension for WindowsStandalone target not found
[Package Manager] Failed to launch server process. Reason: Unity was launched with the -noUpm command-line argument
[Package Manager] Unable to send message (not connected to server process).
[Package Manager] Cannot connect to Unity Package Manager local server
[MODES] ModeService[none].Initialize
[MODES] ModeService[none].LoadModes
[Package Manager] Failed to launch server process. Reason: Unity was launched with the -noUpm command-line argument
[Package Manager] Unable to send message (not connected to server process).
[Package Manager] Cannot connect to Unity Package Manager local server
ScheduleIndexationOnStartup MainProcess:False IndexOnStartup:True
Mono: successfully reloaded assembly
- Finished resetting the current domain, in  0.930 seconds
Domain Reload Profiling: 4582ms
	BeginReloadAssembly (1510ms)
		ExecutionOrderSort (0ms)
		DisableScriptedObjects (28ms)
		BackupInstance (0ms)
		ReleaseScriptingObjects (1ms)
		CreateAndSetChildDomain (1167ms)
	RebuildCommonClasses (54ms)
	RebuildNativeTypeToScriptingClass (18ms)
	initialDomainReloadingComplete (44ms)
	LoadAllAssembliesAndSetupDomain (2026ms)
		LoadAssemblies (1945ms)
		RebuildTransferFunctionScriptingTraits (0ms)
		AnalyzeDomain (266ms)
			TypeCache.Refresh (21ms)
				TypeCache.ScanAssembly (2ms)
			BuildScriptInfoCaches (224ms)
			ResolveRequiredComponents (13ms)
	FinalizeReload (930ms)
		ReleaseScriptCaches (0ms)
		RebuildScriptCaches (0ms)
		SetupLoadedEditorAssemblies (708ms)
			LogAssemblyErrors (0ms)
			InitializePlatformSupportModulesInManaged (2ms)
			SetLoadedEditorAssemblies (5ms)
			BeforeProcessingInitializeOnLoad (175ms)
			ProcessInitializeOnLoadAttributes (435ms)
			ProcessInitializeOnLoadMethodAttributes (80ms)
			AfterProcessingInitializeOnLoad (11ms)
			EditorAssembliesLoaded (0ms)
		ExecutionOrderSort2 (0ms)
		AwakeInstancesAfterBackupRestoration (35ms)
Refreshing native plugins compatible for Editor in 1.87 ms, found 3 plugins.
Preloading 0 native plugins for Editor in 0.00 ms.
Unloading 29 Unused Serialized files (Serialized files now loaded: 0)
Unloading 5535 unused Assets / (5.9 MB). Loaded Objects now: 6521.
Memory consumption went from 154.1 MB to 148.2 MB.
Total: 9.727800 ms (FindLiveObjects: 0.700900 ms CreateObjectMapping: 0.915700 ms MarkObjects: 5.642500 ms  DeleteObjects: 2.467700 ms)

Prepare: number of updated asset objects reloaded= 0
========================================================================
Received Prepare
Begin MonoManager ReloadAssembly
[Licensing::Client] Successfully resolved entitlement details
[Licensing::Module] License group:
  Id: F4-MDN9-DCJU-STJA-WJ2X-XXXX
  Product: Unity Personal
  Type: ULF
  Expiration: Unlimited
[Licensing::Module] License group:
  Id: 4673211846037-UnityPersXXXX
  Product: Unity Personal
  Type: Assigned
  Expiration: Unlimited
ADTM: Control thread waiting for realtime thread timed out, have to lock...
- Loaded All Assemblies, in  2.062 seconds
Refreshing native plugins compatible for Editor in 2.11 ms, found 3 plugins.
Native extension for WindowsStandalone target not found
[Package Manager] Failed to launch server process. Reason: Unity was launched with the -noUpm command-line argument
[Package Manager] Unable to send message (not connected to server process).
[Package Manager] Cannot connect to Unity Package Manager local server
[MODES] ModeService[none].Initialize
[MODES] ModeService[none].LoadModes
[Package Manager] Failed to launch server process. Reason: Unity was launched with the -noUpm command-line argument
[Package Manager] Unable to send message (not connected to server process).
[Package Manager] Cannot connect to Unity Package Manager local server
ScheduleIndexationOnStartup MainProcess:False IndexOnStartup:True
Mono: successfully reloaded assembly
- Finished resetting the current domain, in  1.001 seconds
Domain Reload Profiling: 3061ms
	BeginReloadAssembly (1351ms)
		ExecutionOrderSort (0ms)
		DisableScriptedObjects (29ms)
		BackupInstance (0ms)
		ReleaseScriptingObjects (0ms)
		CreateAndSetChildDomain (1067ms)
	RebuildCommonClasses (49ms)
	RebuildNativeTypeToScriptingClass (19ms)
	initialDomainReloadingComplete (41ms)
	LoadAllAssembliesAndSetupDomain (598ms)
		LoadAssemblies (502ms)
		RebuildTransferFunctionScriptingTraits (0ms)
		AnalyzeDomain (255ms)
			TypeCache.Refresh (14ms)
				TypeCache.ScanAssembly (2ms)
			BuildScriptInfoCaches (222ms)
			ResolveRequiredComponents (15ms)
	FinalizeReload (1002ms)
		ReleaseScriptCaches (0ms)
		RebuildScriptCaches (0ms)
		SetupLoadedEditorAssemblies (759ms)
			LogAssemblyErrors (0ms)
			InitializePlatformSupportModulesInManaged (2ms)
			SetLoadedEditorAssemblies (5ms)
			BeforeProcessingInitializeOnLoad (189ms)
			ProcessInitializeOnLoadAttributes (472ms)
			ProcessInitializeOnLoadMethodAttributes (78ms)
			AfterProcessingInitializeOnLoad (13ms)
			EditorAssembliesLoaded (0ms)
		ExecutionOrderSort2 (0ms)
		AwakeInstancesAfterBackupRestoration (34ms)
Refreshing native plugins compatible for Editor in 2.04 ms, found 3 plugins.
Preloading 0 native plugins for Editor in 0.00 ms.
Unloading 29 Unused Serialized files (Serialized files now loaded: 0)
Unloading 5534 unused Assets / (6.1 MB). Loaded Objects now: 6525.
Memory consumption went from 154.1 MB to 148.0 MB.
Total: 12.881400 ms (FindLiveObjects: 0.704800 ms CreateObjectMapping: 1.568800 ms MarkObjects: 7.600100 ms  DeleteObjects: 3.006200 ms)

Prepare: number of updated asset objects reloaded= 0
